episode,reward
1,102.03776132524945
2,-89.22804334014654
3,-89.71125795692205
4,-163.8728094175458
5,-88.73086951673031
6,-89.19334771484137
7,91.48306909948587
8,-90.55306102335453
9,-88.84930517524481
10,-96.43168380111456
11,-89.81026174873114
12,-89.98083687573671
13,-89.04279571771622
14,-90.04250909388065
15,-89.47037365287542
16,-90.31854055821896
17,-90.12578728049994
18,-80.9819335192442
19,-89.499253295362
20,-89.9120209440589
21,-89.82740308344364
22,-89.52905943244696
23,-89.58141951262951
24,-88.51737072318792
25,71.92382926493883
26,-89.03435806930065
27,84.40348352491856
28,-86.8903436884284
29,92.98406156152487
30,-88.55678038299084
31,-86.42839624732733
32,-87.28241374343634
33,-81.48504119366407
34,-86.1364522203803
35,-89.75760214030743
36,-87.41292383521795
37,-86.37240602821112
38,100.57676853984594
39,-87.7783618196845
40,-86.3088293299079
41,-94.44440936902538
42,-85.49869491904974
43,-85.91421749442816
44,-85.09260849654675
45,-85.26574566215277
46,78.93691898137331
47,-89.5766899138689
48,-85.33397295325994
49,-99.2761908993125
50,-86.39226558059454
51,-88.4424152597785
52,-94.96408846229315
53,-84.46113014873117
54,-84.63346613198519
55,-86.01956870034337
56,-86.03912975639105
57,-78.43124593049288
58,-85.92726614326239
59,-90.62916154414415
60,-87.72280719131231
61,-88.64122655242682
62,91.77008623629808
63,-86.59350278228521
64,-87.06894996017218
65,-84.3156598135829
66,-88.05847647041082
67,-86.82368090003729
68,-97.67295855283737
69,-87.16847088187933
70,-82.18968454748392
71,-84.99154902622104
72,65.30768905312289
73,72.9358396679163
74,-86.15187169832643
75,-89.88377933949232
76,-88.46892311424017
77,-88.63656427711248
78,-82.41730062663555
79,-88.42396356910467
80,-87.12883307784796
81,-76.15785137563944
82,63.826275177299976
83,-106.84191111475229
84,65.44609573483467
85,94.40086460858583
86,-87.81182100623846
87,-85.59644823521376
88,-90.72389601916075
89,-107.25090155750513
90,-84.61376430094242
91,-83.91509963013232
92,-103.18041436374187
93,-88.47854044288397
94,-91.16981402784586
95,73.10566706955433
96,-83.80801751278341
97,-90.43371538259089
98,85.56445313245058
99,-83.9076967407018
100,-85.35385879629757
101,-85.10965111106634
102,-84.01459981873631
103,-76.864650785923
104,-82.13112163729966
105,-85.85506135970354
106,77.38246601773426
107,-82.80510665476322
108,77.62176119722426
109,78.62241553142667
110,90.88861884921789
111,-79.63022464726237
112,-93.00987927429378
113,-78.35477604190237
114,83.90670609660447
115,-78.57557486882433
116,89.8525443226099
117,-76.41341600359738
118,-76.06963594708941
119,-104.21437220275402
120,-77.10759080763091
121,83.73123549178126
122,78.13949026912451
123,81.21775398089085
124,-76.16572913367418
125,-101.84184599481523
126,92.76503460854292
127,87.25866329074051
128,89.24840202182531
129,-88.51135148776666
130,-76.78414688678458
131,69.86594355804846
132,-78.01223630958702
133,-75.81739289518737
134,82.77966441505123
135,-105.88806933106389
136,84.12938552955166
137,-79.2130622310433
138,89.78882599808276
139,-73.28975381143391
140,-75.59674699446623
141,86.61531969346106
142,91.78948793746531
143,-153.85438086092472
144,79.59229498938657
145,86.85860867984593
146,-102.42247691415832
147,79.5111166719289
148,82.55086823474267
149,-85.28802247578278
150,96.200150616467
151,93.42505858838558
152,81.88682448363397
153,-73.19639018597081
154,-101.44772210839437
155,-78.93766443931963
156,-95.36374726879876
157,76.43171898369474
158,-80.26249833544716
159,-87.16788139659911
160,-76.24063238993404
161,-75.38358574843005
162,-106.01231361180544
163,-73.12528853191179
164,-73.67129920751904
165,-73.77823192447431
166,-75.51379498225288
167,-111.27933484688401
168,-78.97593824996147
169,-96.37088387893164
170,92.53206040710211
171,71.28453390300274
172,-81.59455893875565
173,98.22147540003061
174,-80.18688078108244
175,85.41944407857955
176,-80.5524937618975
177,-97.50390789657831
178,-82.44984531030059
179,-93.54110379179474
180,-81.28085633297451
181,-80.30558604607359
182,-99.5863409563899
183,-82.64229321666062
184,-79.79804883664474
185,78.17519793100655
186,-80.85525700077415
187,87.94862653687596
188,-80.59932514408138
189,75.9492139511276
190,-71.87565100751817
191,-81.44186566956341
192,-79.92045539585524
193,-94.02046947926283
194,-80.6332561558811
195,-91.51864412100986
196,88.96732092835009
197,-81.30560251232237
198,-81.36596700773225
199,-89.2795134857297
200,88.09421972185373
201,-80.99224182404578
202,90.0262864176184
203,-82.42396974796429
204,85.33187579363585
205,76.18792377924547
206,-82.2478721421212
207,-82.32413292117417
208,71.61687505617738
209,96.52628380805254
210,-83.60371257737279
211,-82.38556791096926
212,-82.18244593404233
213,82.95248928666115
214,-81.94464825093746
215,-84.06774759851396
216,-82.61689329333603
217,72.60895390203223
218,-76.19019690714777
219,-82.9948492180556
220,91.30408415943384
221,-97.44928334467113
222,-81.54203889612108
223,-83.81577493809164
224,-79.49063531291176
225,73.92414747383737
226,77.80756377018406
227,-96.04306644201279
228,-75.62316187279066
229,81.98589369468391
230,-99.34013918042183
231,84.92544185579754
232,80.78655104944482
233,89.48611941933632
234,-91.94613468879834
235,83.83876857161522
236,-76.99131285506155
237,68.71481946110725
238,-76.34642609755974
239,81.40358850266784
240,-95.83422600151971
241,-74.69294767415704
242,80.04828035889659
243,-93.92091344704386
244,-74.03870349799399
245,87.8844163226895
246,-99.32700306316838
247,89.25287251919508
248,83.90804457955528
249,75.60164084466669
250,-84.24920660897624
251,-75.57233938176068
252,-86.52964035066543
253,-75.45178637117351
254,-74.76672059695557
255,85.13647129479796
256,-87.81188500672579
257,-75.78525217657443
258,95.13515631109476
259,92.45579988509417
260,102.09767161123455
261,-75.63732392701786
262,83.12767275853548
263,81.13674475322478
264,-86.78681423177477
265,92.56983534246683
266,84.71498109400272
267,-76.96719775677775
268,-79.50569167325739
269,-80.37786550889723
270,-78.93483430845663
271,79.41649359487928
272,-77.1095725078194
273,-103.28306765609886
274,83.72863555393997
275,83.42308338731527
276,80.39596102945507
277,-98.39865976246074
278,82.80305152083747
279,-77.08742202122812
280,-94.58899359824136
281,-74.60040481330361
282,85.06177347432822
283,-100.96093997731805
284,79.76666816044599
285,-75.86122210579924
286,91.67264589481056
287,-91.4922696724534
288,-79.82198852754664
289,-90.84421522635967
290,-80.12981175119057
291,78.4282525232993
292,-98.84882539138198
293,89.69262410327792
294,89.62464124709368
295,-85.47145154327154
296,92.74513589590788
297,-114.03583693504333
298,74.29455236846115
299,-108.0000068154186
300,-81.0121965467697
301,93.39679468423128
302,-81.74778366647661
303,-113.5937239676714
304,93.98268994316459
305,-77.2484020034608
306,-107.00296327704564
307,84.09830585750751
308,81.88285349833313
309,-98.17962424250436
310,-85.56641485542059
311,79.42825135036401
312,96.25944050401449
313,91.98493066430092
314,91.71824508160353
315,-96.80184356868267
316,73.84547767660115
317,87.81877233833075
318,-98.11245365012292
319,79.04800009806058
320,87.31571445125155
321,84.37564965942875
322,-75.66920313739683
323,79.34571194773889
324,83.70888896798715
325,-99.81565102376044
326,85.44421141361818
327,89.28513379022479
328,76.2422080457909
329,97.21223526448011
330,-75.98839117586613
331,99.90009307861328
332,76.60949760498625
333,79.49496538343374
334,-92.25953924655914
335,86.62755229522008
336,90.36613543098792
337,-100.40659279376268
338,81.93454214371741
339,82.40701697321492
340,78.10171631706908
341,94.81268521398306
342,-95.70382767170668
343,77.91778438247275
344,92.02578459121287
345,96.07390182465315
346,-96.02826333558187
347,79.38993967999704
348,80.56578064800124
349,95.20982133597136
350,-91.88438152044546
351,84.47304033057299
352,-75.48899278769386
353,90.31389926315751
354,-104.10159286856651
355,82.8562706373632
356,77.8034040269049
357,-103.4987117126584
358,84.8427046071738
359,77.48974467363587
360,-103.80919054616243
361,81.83204577979632
362,86.12079797274782
363,88.7612608927302
364,-99.62174727395177
365,94.37529840320349
366,90.15785282768775
367,86.33796481811441
368,-91.33160628844053
369,-79.15599577340618
370,73.86814706986297
371,-90.00510373455472
372,91.00675776973367
373,90.5883290078491
374,-75.94137128866714
375,-97.52884554062075
376,-76.51515496347565
377,80.01408396358602
378,-106.60711302608252
379,81.13748210517224
380,85.29193911128095
381,-107.414959827438
382,-78.47375879930769
383,-147.79405560911982
384,79.81796938244952
385,-75.78684819547925
386,93.44044669158757
387,-92.20898495594156
388,86.72900975815719
389,81.62924684616155
390,-90.23781183490064
391,82.13576919806655
392,85.34196720118052
393,-83.58294681063853
394,-116.74517247267067
395,-82.14688483570353
396,-88.06943353253882
397,-80.0453399734397
398,86.30795365173253
399,-84.78611321470817
400,83.13881957856938
401,78.77305475619505
402,90.14087925944477
403,-81.39124144159723
404,-76.55544935253602
405,89.70457716658711
406,81.91261956169183
407,-97.25235695391893
408,84.21771900656177
409,-82.41694967362491
410,81.75994163332507
411,80.37020886063692
412,83.21745834613102
413,-96.43966826505493
414,-79.58934097463498
415,81.2809961300809
416,-107.05385300144553
417,81.7044199842203
418,76.20749572879868
419,96.25983561016619
420,-94.08862845087424
421,-75.7383323564136
422,-95.45768103637238
423,-79.89623074652627
424,82.65974851005012
425,88.75718121451791
426,-117.22422911040485
427,85.5806958428584
428,-83.51619256837876
429,-100.89376766351052
430,88.86248560395916
431,-79.03648533270461
432,-94.39403444190975
433,-77.86404096754268
434,-84.26849018386565
435,93.51537159271538
436,92.11693935655057
437,-77.4932943460517
438,-81.71033581654774
439,-104.97981990873814
440,92.4868024433963
441,-79.7246852676617
442,-98.41276997316163
443,-77.26203381959931
444,-85.0222580326299
445,86.73323494787473
446,-76.60017861556264
447,89.04404436855111
448,-152.26170071866363
449,-80.14228238196665
450,-75.75301631714683
451,-102.8180612459546
452,90.16130913360394
453,-82.86443428159691
454,-100.80702355201356
455,83.42048217752017
456,82.65587885212153
457,83.39404337690212
458,-92.97502619028091
459,-79.89975802658591
460,-119.66059395112097
461,-79.49369542277418
462,98.691586188972
463,91.11930370144546
464,-161.64234486001078
465,87.89798093467834
466,-81.38219731894787
467,81.07671777583892
468,-88.90631555765867
469,86.90601211413741
470,88.7385214289825
471,-100.16613406781107
472,-78.25626979328217
473,-79.72545853706833
474,-97.42820360488258
475,-74.37926918994344
476,-89.5330537604168
477,93.77139691449702
478,-81.59670969564468
479,-80.76564400125062
480,-100.61972823925316
481,83.55675943054666
482,-76.06047712457803
483,-93.84421836584806
484,-82.45817055718362
485,83.51473853574134
486,-95.9875183776021
487,89.36709342664108
488,-79.06092015912873
489,-104.82613482698798
490,-80.3736445454415
491,-82.37291711359285
492,76.21274860948324
493,-83.12884473986924
494,-86.48971529118717
495,-83.65017199702561
496,-79.53193208173616
497,97.8300177976489
498,-84.19765854626894
499,-82.95021724514663
500,89.00552178090584
501,95.83192226104438
502,80.82787194912089
503,84.02752210013568
504,85.63629244989716
505,88.46552713226993
506,90.0742138568312
507,89.7455057936022
508,87.58657910628244
509,80.07983571843943
510,84.74828471650835
511,-106.04527472704649
512,-75.92585904964972
513,-87.68450457512517
514,-75.36272985758842
515,90.13862379419152
516,80.26525387022411
517,-89.01306482963264
518,88.52804484189255
519,91.61017541214824
520,88.06414316885639
521,96.33990200608969
522,88.99161496013403
523,-86.78183666802943
524,-84.3027854138054
525,-80.5814496637322
526,-84.76903726533055
527,-81.05386967098457
528,93.38895281404257
529,-94.86690554022789
530,75.81597864119976
531,97.11420927196741
532,80.86751178011764
533,-84.84398681670427
534,87.45960696460679
535,88.87669782512239
536,82.92440225143218
537,-97.16457397863269
538,-74.56872443374596
539,95.28570291027427
540,-104.15871806023642
541,84.57900900320965
542,84.7694309555227
543,-77.45232936875982
544,88.37252846133197
545,87.9225181392394
546,91.67979722830933
547,82.38638191853533
548,80.20539149455726
549,-86.13186004245654
550,87.4339556095656
551,85.00462859340041
552,-88.02759270416573
553,86.82475748402067
554,84.42866270791274
555,87.53613927448168
556,-82.7331317672506
557,74.53946805684245
558,83.11309159419034
559,-94.42285155274294
560,89.6819033724023
561,88.54655012080912
562,94.87183561688289
563,93.45505603216588
564,-97.36060620614444
565,-80.79330506874248
566,81.76910945218697
567,94.0996653091861
568,87.60367375984788
569,82.49575199685205
570,88.60403751023114
571,-75.16477950371336
572,-87.23908304236829
573,-74.83106094680261
574,-88.33484738101833
575,86.72427879786119
576,-81.94802613779757
577,-98.27205684181536
578,77.44527928607431
579,-74.6962216567481
580,-96.38813110894989
581,94.40369043499231
582,80.89982382045127
583,85.70878021791577
584,-99.33379237831105
585,81.90503638691735
586,86.99930485209916
587,79.29103494581068
588,-98.12387896515429
589,-76.03447373319068
590,85.31466636292134
591,-92.46066645160317
592,92.63785888440907
593,84.44746625353582
594,-106.50274354712747
595,84.45180147921201
596,82.22573082067538
597,81.52898609591648
598,-91.04304174357094
599,-76.03474435462704
600,97.25679283589125
601,91.02665809681639
602,-98.67983040763647
603,-83.14688805690821
604,-82.94529620511457
605,-96.06289121508598
606,86.72516000154428
607,86.77059656899655
608,-95.83073087409139
609,-76.04202041888493
610,82.77415686281165
611,-101.05483939871192
612,-78.50090756537975
613,79.03697375889169
614,-104.28151844069362
615,83.62716578724212
616,-73.7497337393288
617,-98.09804917126894
618,-79.7563998035912
619,-102.3499332710926
620,86.01723288861103
621,88.8737802952528
622,-76.39969598327298
623,-100.01177533622831
624,-77.21597016596934
625,-105.32539603980103
626,91.81741527840495
627,-73.2683582934842
628,-79.96195308293682
629,101.44834160804749
630,-80.89499732619151
631,-77.48309244596749
632,-144.41682981458143
633,-79.64397329173516
634,84.55800100334454
635,89.83840681239963
636,92.20803033488482
637,90.2072812790284
638,-93.69236382097006
639,95.71905682235956
640,88.12024948745966
641,85.50409369403496
642,99.9000015258789
643,-109.14707750806701
644,86.95796887855977
645,83.46818302499014
646,83.08337249860051
647,-106.00484935613349
648,-78.49345340780565
649,-90.98480439407285
650,-80.49611374363303
651,95.91136071830988
652,-77.87055147919455
653,-93.18673947339266
654,-81.03997721814085
655,-90.75119948165957
656,-79.45679133979138
657,83.40306008333573
658,-101.7849434921518
659,-77.13794483165839
660,-76.2140048998408
661,-86.59755783341825
662,87.88914106413722
663,-79.57762902302784
664,-102.36279316493892
665,-79.46499936061446
666,91.04660443216562
667,91.73900566017255
668,-98.42451612596051
669,-81.73897024290636
670,81.4021681342274
671,-102.45683941978496
672,-76.02781900801347
673,-77.81954896991374
674,-95.8157154545188
675,-82.5009798752144
676,-89.55702302895952
677,-77.14862262667157
678,-75.00479681417346
679,-102.53158678114414
680,81.55551558372099
681,-79.28695481474278
682,-85.81595614831895
683,97.598554097116
684,87.6406236521434
685,91.44183840230107
686,91.9964080429636
687,91.53639153763652
688,-107.43179356429027
689,90.25075890740845
690,78.8660184868786
691,-88.62613091704407
692,91.64964060299098
693,79.29364969808375
694,80.29773400345584
695,84.04547802358866
696,104.11598870903254
697,77.19605086726915
698,-75.76610786831588
699,-93.61715668532997
700,86.63146821790724
701,81.64657871608506
702,-89.39748636757759
703,-76.8614989484413
704,83.46899887430482
705,-106.14878647355363
706,-78.86338607757352
707,81.3612727000509
708,-88.32306859898381
709,77.10920684598386
710,-80.64022799348459
711,-100.46766745499917
712,81.12714553278056
713,81.44629156647716
714,-103.83416479616426
715,84.30951511394233
716,83.83427468533046
717,87.16058957250789
718,-92.68083633578499
719,84.90793045724274
720,88.46710528479889
721,85.75147170678247
722,80.88044697718578
723,-88.81160400807858
724,74.52257352042943
725,-102.37006561644375
726,-76.57639513342292
727,72.77096844689368
728,-93.87878077896312
729,85.71790917776525
730,-75.98911032297474
731,-78.91829951794352
732,-74.00742206003633
733,-94.29866149125155
734,-77.05964934185613
735,81.08535351697356
736,-96.53315747078159
737,97.06044683605433
738,81.32790566392941
739,-75.33883915845945
740,86.39311689604074
741,-85.29748446345911
742,-76.38908298956812
743,-145.72160478823207
744,78.25395217095502
745,76.66060164524242
746,87.93606032439857
747,86.00553931398463
748,-91.96483098622411
749,93.62812899798155
750,79.6333495376166
751,-106.18579094336019
752,86.42986952152569
753,-75.9151478621643
754,89.15490193851292
755,-104.8733706092753
756,85.38524408929516
757,92.36732269078493
758,-78.00280156187364
759,-106.62570499666617
760,-76.82014810235705
761,-94.19053155854635
762,-78.44465197238605
763,90.25113265853724
764,81.20964562520385
765,-120.41519660502672
766,86.34531778572136
767,75.30866833543405
768,84.96162375668064
769,88.80186108127236
770,-90.96088965795934
771,-75.03652960454929
772,88.09749921329785
773,-90.08837087801658
774,-77.82623564841197
775,83.92834582971409
776,-106.6775049334392
777,93.0178242418915
778,-74.01041321959929
779,86.80631196181639
780,-101.34343052550685
781,-79.30103173412499
782,88.17414025682956
783,-98.49321430665441
784,92.30873623955995
785,-74.86192375383689
786,83.6402047826632
787,-91.65642032772303
788,82.5188946650087
789,71.83093969291076
790,93.7949303984642
791,77.92753036680188
792,89.55329224234447
793,79.92255071125692
794,-100.76066841371357
795,79.91650127980392
796,81.91043551045004
797,-102.0803598689381
798,-80.06875201547518
799,-86.90488806393114
800,-80.97529289103113
801,74.37992058007512
802,-94.80104804760776
803,-77.70074118161574
804,-74.28657299451879
805,103.03531190380454
806,84.17220456185169
807,95.10099087655544
808,87.25440150080249
809,-75.92601259239018
810,94.29439248889685
811,-75.09666455443949
812,-72.17845325031521
813,96.56790065020323
814,-87.97151178045897
815,-72.8968513768209
816,94.88161893934011
817,85.80212113284506
818,92.5600897455588
819,-91.26231843073037
820,-72.45159751130268
821,85.70701075938996
822,-96.17277353087411
823,85.86017303878907
824,80.4187142472656
825,90.57213138381485
826,-100.21154500392731
827,84.94012683833716
828,79.88158218484023
829,90.93349211849272
830,-85.47403215616941
831,93.56537407590076
832,90.26145121455193
833,79.1172787003743
834,-78.09671864332631
835,86.24420943134464
836,88.47838711831719
837,86.2565291156061
838,-83.45204361528158
839,83.51058754729456
840,86.0763159605849
841,-86.65253512947675
842,83.26166162125446
843,81.32140748933307
844,-82.18860866461182
845,82.41351252326422
846,95.48571784049273
847,83.69978659236767
848,87.52273991619586
849,-85.63125021010637
850,96.58288883417845
851,93.36321042338386
852,-71.53208331193309
853,-87.37356140536758
854,89.95663696713746
855,80.5667299835186
856,-92.38690699432664
857,83.66802482258208
858,81.89334377017803
859,96.64370040036738
860,92.96932779997587
861,-108.71200341757503
862,83.51877990514186
863,85.09838947607204
864,82.01377425165265
865,-96.37766309641302
866,83.4129538165871
867,85.12856421768083
868,94.73653097450733
869,-87.37507208797615
870,80.39952116901986
871,91.9020574092865
872,94.27295360155404
873,89.11891656861553
874,81.05116417608224
875,93.82843040674925
876,85.17817867913982
877,82.11220473072171
878,-78.57656376808882
879,79.04522543132771
880,85.34792464268685
881,-100.41764038056135
882,87.29059751445311
883,90.49180838279426
884,82.90396632216289
885,86.91760570307088
886,86.43816638318822
887,-170.90752274045371
888,83.72440437434125
889,85.73330512430402
890,92.61086298990995
891,79.2388517545478
892,-93.45698450680356
893,86.68946034737746
894,90.55850752443075
895,86.23034678419936
896,-90.7693039769074
897,93.81641568057239
898,94.55382662266493
899,78.52980332385778
900,93.09128420997877
901,90.25294736213982
902,-148.2400417632889
903,94.74463020311669
904,86.57295033195987
905,-77.49563157898228
906,96.44070676120464
907,-83.53405787050724
908,-83.57631469378248
909,-86.8535404857248
910,-84.22575261257589
911,-83.14845584565774
912,-96.7033502086997
913,84.03766406397335
914,80.08926988055464
915,-83.79643509269226
916,82.0238790005751
917,87.17120873741806
918,-89.88982240730547
919,-74.40921550816711
920,83.59204557150952
921,91.4121067035012
922,-86.6198922172639
923,90.76064870983828
924,80.69010681709187
925,93.2150739505887
926,-88.93359359861643
927,-73.08503632898828
928,87.62811286142096
929,-92.57746023865184
930,80.11971892270958
931,81.48166774164383
932,81.491075830927
933,-97.6297698635608
934,82.80583191238111
935,79.08469761407468
936,88.62921681406442
937,-92.022730268538
938,78.57504014947335
939,85.76840638741851
940,88.4213494193973
941,-97.7568853199482
942,81.99575942263436
943,-82.95368016071734
944,75.54873825921823
945,79.19681355590001
946,-96.31776224100031
947,74.3205060614273
948,-73.29204494520673
949,-90.51616762019694
950,84.78665259794798
951,77.94145172962453
952,-88.53968431288376
953,-74.462395731789
954,-99.80545888718916
955,83.3794724839754
956,-75.41530234063248
957,-95.44610273084254
958,-74.09881957645848
959,-78.4475010674214
960,-89.66223505116068
961,86.24009091538755
962,81.28288872470148
963,90.9709982778877
964,87.07133905729279
965,95.01691967248917
966,-90.44263831526041
967,75.72859485758818
968,90.17616087663919
969,-92.83038913249038
970,-76.04236612675595
971,-94.53976507589687
972,88.75389862267184
973,82.99581738603592
974,-74.82311448958353
975,-165.59275287359924
976,-82.57112395972945
977,-77.64299165218836
978,-96.02953112870455
979,83.10930893546902
980,93.13864882430062
981,-138.61821081256494
982,-78.47447715097223
983,-74.17750678318589
984,94.48918199911714
985,-140.5938601871021
986,87.26448529274785
987,-78.45407906339824
988,-101.77319738446386
989,-78.68715537444223
990,90.36115763289854
991,-94.19974929183809
992,93.01284745289013
993,86.00823137298721
994,-80.1755554061383
995,-94.94223506737035
996,78.2214808659337
997,92.37965232506394
998,88.10743102431297
999,91.73242374509573
1000,98.47831280829269
1001,-83.21479225950316
1002,-82.37059021787718
1003,87.15713498741388
1004,-103.96547534875572
1005,93.75213264347985
1006,-74.20686134297284
1007,-93.5001954616746
1008,86.41431805025786
1009,-75.41441304809996
1010,-141.6637093842728
1011,-78.8475595972559
1012,-80.85014982407301
1013,-142.214824071154
1014,89.3870508261025
1015,-80.03320926304878
1016,-92.67018290041051
1017,-78.55090037678019
1018,84.81865381088573
1019,-102.7947117544245
1020,91.52978897967841
1021,85.92002156405943
1022,-80.7392479539485
1023,86.61398269841447
1024,94.87101976014674
1025,-147.79604183882475
1026,78.07881386098597
1027,-91.74119103059638
1028,86.85481120517943
1029,-77.36902844442375
1030,-107.97634485780145
1031,84.76400891505182
1032,86.34129983803723
1033,86.95640647201799
1034,-80.47287125117145
1035,-93.00468795234337
1036,91.79463268315885
1037,93.46414870023727
1038,86.60143624991179
1039,-145.76744025413063
1040,91.96449056034908
1041,-80.79293627338484
1042,89.49142457230482
1043,-102.68768213968724
1044,-76.29239116951794
1045,-78.1774471992685
1046,-92.27259616079391
1047,87.17688596376684
1048,-78.40248838206753
1049,-83.79474882769864
1050,83.95845344752888
1051,86.12795926628314
1052,-88.89501963145449
1053,89.30819622878334
1054,90.65137452317867
1055,85.29732273635454
1056,-82.66010268032551
1057,-90.00737973861396
1058,83.25229665657389
1059,94.78377824276686
1060,88.1302235542098
1061,-90.32627817385946
1062,-77.48630797857186
1063,87.9719523768872
1064,86.95982995361555
1065,-91.29363585822284
1066,87.92510979168583
1067,90.8838757412741
1068,83.58390504733507
1069,-100.7057741265744
1070,84.09718519530725
1071,91.82563219312578
1072,-86.40410839166725
1073,77.33271981833968
1074,-76.2565418476297
1075,-102.68650619921391
1076,82.23466395049036
1077,85.79200915068213
1078,-90.90675574546185
1079,-76.05790577260814
1080,-71.96179015096277
1081,-112.59970235265791
1082,-76.9902967052476
1083,91.78768143535126
1084,-89.38348373089684
1085,75.67674792552134
1086,-79.33244003728032
1087,-101.76890347711742
1088,78.40625937550794
1089,-93.87767714415531
1090,82.20889515296403
1091,82.39560756716673
1092,77.70760748619796
1093,-88.76055982522666
1094,80.93137106765062
1095,86.8785656633554
1096,86.04430555552244
1097,-107.21280619502068
1098,91.51897778463899
1099,91.91285673034145
1100,85.20948953772859
1101,-88.80613898282172
1102,-75.52471766076633
1103,-76.9121781286376
1104,-88.45507989311591
1105,85.29151468293276
1106,-76.44931323407218
1107,-100.85562206804752
1108,92.84635197883472
1109,87.37492926244158
1110,88.72004084673245
1111,91.58941402472556
1112,-154.18786071741488
1113,-74.66938856767956
1114,79.55480170226656
1115,117.36482884734869
1116,90.12518586218357
1117,85.71243207329098
1118,82.62506517960719
1119,83.73294851739774
1120,-100.29275741509628
1121,95.24699813872576
1122,93.0117210126482
1123,81.8802901286981
1124,91.43402532546315
1125,-104.9084536555747
1126,83.51726828794926
1127,-75.55957084960392
1128,-93.94684917735867
1129,-74.23273927595437
1130,81.40505437424872
1131,-96.3550294911256
1132,81.2855272607776
1133,77.70724724174943
1134,-105.46530309692025
1135,-75.80169495100017
1136,84.83969739521854
1137,-94.6608296316117
1138,89.90449621679727
1139,84.18523171695415
1140,91.57284727180377
1141,-107.98333902776358
1142,-75.87670693316613
1143,90.35835093446076
1144,-111.39426867978182
1145,84.81138676416595
1146,81.6223901809426
1147,88.78353725152556
1148,86.6837865114212
1149,-80.48661812394857
1150,86.88931266181316
1151,-78.2020000269913
1152,-90.47447773069143
1153,82.47908256028313
1154,-92.0993659129017
1155,91.35728319792543
1156,-77.3506566420474
1157,92.43206125637516
1158,88.29602678306401
1159,-95.59977578185499
1160,78.85786652041133
1161,88.90205417585094
1162,-94.4305621717649
1163,96.67042345553637
1164,85.1332054543891
1165,82.62897868730943
1166,85.88428906945046
1167,-111.12028754549101
1168,82.1873665689036
1169,-72.40836598861961
1170,97.84639250487089
1171,-87.42378332326189
1172,85.73319158724189
1173,80.0101331435144
1174,106.95889051221457
1175,89.96425539534539
1176,88.43668370798696
1177,86.39180417917669
1178,86.80099147488363
1179,-83.50080351117504
1180,76.20693518343614
1181,-74.24650677644968
1182,-90.71744510123972
1183,-76.28987893092562
1184,70.53322040685453
1185,-118.82359101623297
1186,-80.78392261476256
1187,75.73137441836298
1188,-86.36364583671093
1189,68.69984304951504
1190,-92.25725949639309
1191,85.31214984692633
1192,-81.47741982410662
1193,-85.64219480752945
1194,-80.0443412543973
1195,74.35827233653981
1196,81.04828932508826
1197,-79.9622401476372
1198,-78.75554743851535
1199,84.68645952269435
1200,108.01421926170588
1201,92.36347506195307
1202,-81.37702724267729
1203,-80.42932885990012
1204,-91.61566995643079
1205,-80.86162754369434
1206,74.81628312636167
1207,-136.31248583644629
1208,76.18742310407106
1209,-79.51083698725415
1210,-75.49491111934185
1211,68.81409281876404
1212,-77.556699834764
1213,75.23453800007701
1214,-81.35740183189046
1215,99.63220028579235
1216,-80.7653872417286
1217,-80.46114964422304
1218,89.27312480378896
1219,88.22992005944252
1220,-81.5664794165641
1221,-81.28740261122584
1222,-79.0359076242894
1223,76.24468385707587
1224,-80.9431090108119
1225,-87.66226407885551
1226,76.6705652885139
1227,73.22693339176476
1228,-105.99880814552307
1229,75.44994544005021
1230,83.73448840586934
1231,72.43327032050001
1232,-81.51894233003259
1233,88.24922805465758
1234,-80.99880356018548
1235,-81.67832037450853
1236,-86.01226984709501
1237,90.70616864413023
1238,-82.22919605951756
1239,-76.91282288148068
1240,-80.02542941761203
1241,75.95388839731459
1242,79.23073628696147
1243,-101.04086550325155
1244,-82.01843475399073
1245,-85.67685439856723
1246,77.86377588193864
1247,-78.78549350809772
1248,93.34702608874068
1249,80.98968153912574
1250,95.56325285881758
1251,-80.95121403958183
1252,-79.37125318264589
1253,77.55273179523647
1254,-79.27171698154416
1255,-88.90127706236672
1256,86.14993873052299
1257,-80.9948305714006
1258,78.04907443374395
1259,-85.21310204267502
1260,-80.89285751001444
1261,-89.6010309047997
1262,69.8569839890115
1263,-79.67201607002062
1264,-88.69838795997202
1265,-81.19150873681065
1266,91.23160452581942
1267,81.42593848332763
1268,99.9000015258789
1269,-81.12784634530544
1270,77.07527088513598
1271,-81.75730845564976
1272,-84.98955880850554
1273,80.35754794441164
1274,-93.72509637288749
1275,80.85246281512082
1276,97.17476659268141
1277,-81.0903439084068
1278,-89.50769322749693
1279,-81.56583784279064
1280,81.11810738884378
1281,99.90007019042969
1282,-92.369307174813
1283,71.67521914560348
1284,79.90865310980007
1285,-85.69053529854864
1286,-81.08833429135848
1287,-80.67721623936086
1288,-79.9101571124047
1289,-80.10877483931836
1290,-77.75746525754221
1291,-73.46804063022137
1292,-80.12845389940776
1293,-88.19634136371315
1294,72.8131126904118
1295,73.8724032905593
1296,-101.59051871905103
1297,86.04264455009252
1298,77.9819672498852
1299,-90.2385233361274
1300,-80.23737805036944
1301,-82.18710445798934
1302,88.2539427075535
1303,-80.11566298233811
1304,-80.02792803978082
1305,87.2030666116625
1306,-87.15834724158049
1307,-82.94309021020308
1308,77.88770686334465
1309,-96.86852170526981
1310,72.69121991247084
1311,-84.59895224589854
1312,-81.17634840961546
1313,75.70981270261109
1314,-89.15487425483298
1315,-81.88386700802948
1316,80.95755239864229
1317,-91.7170968465507
1318,89.4496806729585
1319,-81.70918723195791
1320,-92.95225266972557
1321,70.09087310091127
1322,82.00745303556323
1323,-93.80649176693987
1324,-82.48971509886906
1325,94.93506943434477
1326,78.01055603660643
1327,95.3435731404461
1328,-81.86482665096992
1329,-80.42551415693015
1330,-90.76024220325053
1331,78.84783178754151
1332,-80.52628249616828
1333,-77.74558681063354
1334,-80.51002044696361
1335,-75.95271002920344
1336,-81.19630143293762
1337,-80.74593206392456
1338,-84.82409244216979
1339,71.32692826504353
1340,70.01012106519192
1341,-96.98693591356277
1342,88.46974711306393
1343,92.0075277928263
1344,75.28537039272487
1345,-73.72258147783577
1346,88.66982297971845
1347,78.92443796992302
1348,-80.90417239163071
1349,108.84158254414797
1350,-80.7824482396245
1351,-80.25813120498788
1352,-80.90940431028139
1353,-81.88954254600685
1354,-81.22564217462786
1355,-85.05893406271935
1356,77.3828630305361
1357,-87.34717398602515
1358,88.27058758214116
1359,73.82720445655286
1360,-79.67712536285399
1361,-86.10720381140709
1362,74.77397165831644
1363,-79.69882360452903
1364,-83.05202880501747
1365,-80.23914926571888
1366,-103.9499486447312
1367,-80.46981305337977
1368,-80.7264020005241
1369,-77.07665650546551
1370,-79.64892905583292
1371,-85.1782455513021
1372,77.48469051672146
1373,-81.05562944943085
1374,91.88352075964212
1375,-83.45004026405513
1376,81.60908714868128
1377,-79.10953799323761
1378,-85.99621997773647
1379,86.18037582188845
1380,-80.09415979281766
1381,-91.76266136020422
1382,-81.21060129470425
1383,-81.25061770822504
1384,-75.75015704333782
1385,81.529838105198
1386,93.06961720436811
1387,-106.07418346242048
1388,75.01073287523468
1389,89.69893563631922
1390,-73.94107515612268
1391,-105.78117945790291
1392,75.51321354368702
1393,93.0560526130721
1394,-90.13487672561314
1395,84.76675922382856
1396,89.97715099243942
1397,84.53604246277973
1398,-94.55461835898313
1399,89.1587390609493
1400,79.06315675823134
1401,-93.63215786404908
1402,94.27429485693574
1403,84.87580780959979
1404,89.98410269638407
1405,-96.41334358442691
1406,79.80140208203375
1407,87.49162343761418
1408,-73.78941543179099
1409,99.9000015258789
1410,-102.11474568396807
1411,90.26298244073405
1412,85.42753814859316
1413,-108.55045249988325
1414,77.97284912189934
1415,83.26062569695205
1416,91.92164893588051
1417,-97.52614132431336
1418,77.41852731152903
1419,97.37442450970411
1420,85.7956467581389
1421,-99.99574234502506
1422,72.99028560575243
1423,91.57943345000967
1424,86.65995847687736
1425,-80.20885187387466
1426,87.094837970566
1427,85.82368035300169
1428,85.01259546456822
1429,-146.10058904858306
1430,-76.4896072125357
1431,76.24424666877167
1432,-96.09991414472461
1433,74.68096349734697
1434,84.9136560783154
1435,-91.80860244296491
1436,78.63638017670019
1437,92.5634204626549
1438,-90.27719116598018
1439,84.05676606216002
1440,-72.68948465085123
1441,-96.16290055279387
1442,91.97352138813585
1443,-74.22756107305759
1444,86.02679888202692
1445,106.74932410661131
1446,86.43180057685822
1447,89.18419182114303
1448,87.67722228737694
1449,90.94731502514333
1450,87.20929549145512
1451,-92.6112857463304
1452,93.09285753470613
1453,87.08573559462093
1454,78.16454856831115
1455,-104.03982105565956
1456,80.06776430688342
1457,-74.24801641341037
1458,-97.95597607761738
1459,83.13332220720622
1460,86.64842060088995
1461,92.76006395425065
1462,-86.5620409011608
1463,-75.09080657502045
1464,-94.10238461548033
1465,85.96535750920884
1466,75.44756643136498
1467,89.75809676176868
1468,-80.46209021823597
1469,92.46972428727895
1470,90.65449341014028
1471,85.80250908629387
1472,86.31039826187771
1473,94.64740177243948
1474,88.1891678806569
1475,-87.22714303480461
1476,96.00097583187744
1477,-73.95883163486724
1478,99.9000015258789
1479,-102.0699316773098
1480,77.1978393405152
1481,-80.1096701020142
1482,-81.50498048961163
1483,-79.71985523065086
1484,-90.77600091358181
1485,72.67185735842213
1486,78.04246774222702
1487,-89.96974326605414
1488,83.64468045765534
1489,-80.47342557134107
1490,-91.23891287695733
1491,89.7946310788393
1492,-80.18747824511956
1493,-81.08866592799313
1494,-83.10561244189739
1495,74.22289228704176
1496,92.2701316960156
1497,-85.7919989664806
1498,-77.7405461135495
1499,-77.30303276883205
1500,-93.36693342775106
1501,-78.94680632272502
1502,-99.40599773989379
1503,85.0730782012397
1504,78.46705734811258
1505,97.18073478341103
1506,-97.37804969470017
1507,81.81931199738756
1508,89.11936365952715
1509,96.13519009202719
1510,-97.91664546821266
1511,75.41006531915627
1512,-84.80016378965229
1513,92.0639605615288
1514,-106.48219291239366
1515,-74.66409093312541
1516,88.21832604415249
1517,101.0407588055823
1518,-75.20440921661066
1519,-77.67202747557894
1520,92.54434759169817
1521,-108.53140073362738
1522,76.7894248777011
1523,97.79432217031717
1524,85.2247714351397
1525,-86.57774420036003
1526,98.07409579306841
1527,87.65639061131515
1528,81.23610529559664
1529,-84.93160468863789
1530,-78.54832996281948
1531,81.76212948427383
1532,-131.2864178455202
1533,-75.88478692702483
1534,95.37950712628663
1535,-80.77563733028364
1536,-111.25486698420718
1537,92.18650099961087
1538,87.21448676614091
1539,84.65960190654732
1540,-143.9389864744153
1541,-77.07960066545638
1542,-79.2721482681809
1543,-97.81210391013883
1544,-80.55013124937977
1545,90.2269751431595
1546,-141.0212605867364
1547,-85.21631610952318
1548,-81.50338606783771
1549,-104.2479783919407
1550,79.20443958370015
1551,-81.64157166320365
1552,-99.34209132008255
1553,-94.78402357362211
1554,90.68025244027376
1555,-96.51418450800702
1556,83.616942122615
1557,-83.09412283310667
1558,-101.84337070200127
1559,88.58155590712704
1560,89.16866293130443
1561,-82.34133764961734
1562,-81.65368894860148
1563,89.3057471452048
1564,-76.95529995965626
1565,-95.93013126763981
1566,-81.66027089560521
1567,94.43032379075885
1568,-94.42188077096944
1569,-78.08478509800625
1570,84.68243314931169
1571,89.4390220864152
1572,-113.59299512056168
1573,-78.95027175233554
1574,-98.67184042804874
1575,86.66946223931882
1576,80.48890643200139
1577,75.27751268912107
1578,-139.85226557741407
1579,91.26954626198858
1580,-76.17275722752674
1581,-89.51018646918237
1582,-93.82698443206027
1583,-79.08664003375452
1584,91.82217027200386
1585,-104.1690022344701
1586,92.10781418532133
1587,-82.55021950861556
1588,92.5406259726733
1589,-129.94685724254668
1590,90.23698467039503
1591,81.64281742674211
1592,-76.83984815412987
1593,-104.67989121158462
1594,84.16284571634606
1595,-78.84470977919409
1596,-88.34531741033425
1597,96.80371465533972
1598,-78.2417632562574
1599,-94.52386875243974
1600,87.4561041223933
1601,77.3910116649422
1602,-76.12913378753001
1603,-108.05485513433814
1604,80.13118566395133
1605,-142.17828326598828
1606,88.06018078955822
1607,-74.57778863757267
1608,82.3381369652925
1609,-108.80223637493327
1610,88.67085814589518
1611,97.05043764412403
1612,79.62681521323975
1613,90.39894302978064
1614,-78.04228408797644
1615,80.67645474799792
1616,84.81073343838216
1617,89.17913828522433
1618,90.59253500727937
1619,-98.94478112459183
1620,-78.27781666920055
1621,-134.49654001677118
1622,-80.2872001582873
1623,76.08009322045837
1624,91.55500045279041
1625,-90.90678662061691
1626,-79.7152656836115
1627,-98.19761457038112
1628,-77.1430801127135
1629,-77.42950212550204
1630,-106.36405540292617
1631,80.39488483206515
1632,-79.4849311587459
1633,95.55144736915827
1634,-75.95373409986496
1635,79.37238826905377
1636,-89.61155593225703
1637,-84.20972789637744
1638,81.17684261885734
1639,82.88592115484062
1640,-100.81009620241821
1641,80.46426143326244
1642,-87.16930179100018
1643,79.29787549932371
1644,-76.23630890881213
1645,-108.99643135245424
1646,-79.2350648964275
1647,-72.83083587492001
1648,-96.8589489272781
1649,86.3643913329579
1650,77.92256253900268
1651,91.24489441420883
1652,-85.41382852988318
1653,87.48431444654125
1654,-76.7436221826647
1655,-101.14769701845944
1656,84.73534739017487
1657,78.26700627489481
1658,83.52635550207924
1659,111.34483010321856
1660,85.86257827885129
1661,79.25241997867124
1662,-80.25239756278461
1663,-98.49832725524902
1664,85.18765970499953
1665,82.97045248560607
1666,-88.3841026686132
1667,87.31187806697562
1668,-80.17542615569982
1669,89.37065306119621
1670,-94.0144636844343
1671,85.5201577822445
1672,92.7536228839308
1673,-84.21745156531688
1674,-97.48586596548557
1675,-73.84382038205513
1676,-149.78206838888036
1677,86.6131368210772
1678,-80.03603881481104
1679,79.04477770274389
1680,-101.97614282582072
1681,-77.17579802873661
1682,-152.86502545527765
1683,92.7196792755276
1684,82.96457285666838
1685,-73.16838626927347
1686,91.55645919521339
1687,-126.45772484538611
1688,-79.12497178418562
1689,85.89708375243936
1690,88.79438253387343
1691,89.17811977033853
1692,-107.88628502190113
1693,-74.38409453866188
1694,-80.48463650143822
1695,89.35529372769088
1696,81.03399947225262
1697,-75.59612784574892
1698,-90.37995157390833
1699,78.11636832286604
1700,84.68760056406609
1701,-101.09823318841518
1702,74.54554827730317
1703,86.32545771077275
1704,-93.52089979872108
1705,90.7370984328445
1706,75.49944799704826
1707,-100.8381873355479
1708,98.30199291557074
1709,86.41513107158244
1710,-76.34486182790715
1711,89.765663117636
1712,-104.23052191082388
1713,-76.94135675742291
1714,83.82997290813364
1715,-103.26383876847103
1716,83.57178984768689
1717,84.05663274839753
1718,-117.96440246945713
1719,-76.63333738863003
1720,87.47742351144552
1721,-84.05453040768043
1722,95.94802659004927
1723,-78.20305479422677
1724,75.88979104798636
1725,-107.86258868908044
1726,85.20888904528692
1727,85.13505509495735
1728,93.14024541899562
1729,93.64378241403028
1730,-96.2761916834861
1731,79.6147482001179
1732,-82.95520687336102
1733,-95.49664630740881
1734,83.46664394517575
1735,-81.4853197740158
1736,-114.56704970449209
1737,-77.22219955504988
1738,84.33778413839173
1739,82.33575115617714
1740,-94.62152879498899
1741,90.12822515703738
1742,-77.00050292087826
1743,-105.78834440407809
1744,79.50727300508879
1745,78.67170978523791
1746,-111.58684129142785
1747,-75.07005675318942
1748,-75.87479339138372
1749,-91.5590602979064
1750,83.9676491083228
1751,-76.8151212859666
1752,-99.36159175820649
1753,-77.65595519667295
1754,89.70022651553154
1755,-100.87253006166429
1756,94.31855168379843
1757,-79.39942706888542
1758,85.11461462764419
1759,-96.94375132769346
1760,-76.4219609197462
1761,-109.23289740308974
1762,-77.24104128580075
1763,70.43453079788014
1764,-84.97053366387263
1765,-80.89811367809307
1766,-102.55949137173593
1767,73.23478858266026
1768,-80.46440501013421
1769,-104.67782497033477
1770,-78.82194724588771
1771,-74.7790463650017
1772,112.22031710296869
1773,-76.77288186136138
1774,-77.85351336124586
1775,85.3528409730643
1776,-108.79458278417587
1777,83.42907739419024
1778,87.24728872394189
1779,86.14924826472998
1780,-91.48117197246756
1781,-77.79546203208156
1782,85.45857911225175
1783,-101.2816388066858
1784,80.79237606871902
1785,-75.95384894908057
1786,-84.75644938647747
1787,78.13483414950315
1788,80.0384935533857
1789,-105.83398952195421
1790,82.63100472483893
1791,-82.2741712963907
1792,-109.58792670816183
1793,74.48108416798641
1794,-76.48742184447474
1795,-99.00323529928573
1796,92.1538656753255
1797,90.60039247130044
1798,90.2284064122432
1799,82.79849639031454
1800,-110.29652452818118
1801,83.45366073702462
1802,92.10549145715777
1803,79.79162671391396
1804,-97.3720388127258
1805,-76.23693238599662
1806,82.92803882970475
1807,-93.29730985313654
1808,89.15468083973974
1809,81.5487959778402
1810,-116.47524939512368
1811,84.39590504826629
1812,94.85247608274221
1813,91.93141045793891
1814,90.71707528084517
1815,80.85209858923918
1816,-92.07812700793147
1817,87.39642232295591
1818,88.1487488184066
1819,94.51609664410353
1820,92.96036642065883
1821,-101.32172317616642
1822,81.99551854468882
1823,73.09140571532771
1824,-106.65685759417283
1825,-78.30833948173677
1826,87.172297225894
1827,-136.353049128571
1828,86.91892324492801
1829,86.54514047270641
1830,-83.35621487934259
1831,95.19016710668802
1832,85.23085175301094
1833,-92.04123698920012
1834,-78.64173069491517
1835,-99.62887253196095
1836,86.4424679003132
1837,-74.32941611579736
1838,-98.18487769993953
1839,-79.5707191687834
1840,91.67537198413629
1841,-83.21368097350933
1842,-76.24793778569438
1843,-76.12584694620455
1844,-143.51830778259318
1845,82.67718591818084
1846,-86.12268087686971
1847,90.89040146546904
1848,-117.50905982824042
1849,90.02695239042077
1850,-84.29125445103273
1851,-103.61176737339702
1852,-81.3480307845166
1853,-80.89942687028088
1854,-104.4799667391926
1855,-80.14076369375107
1856,81.97000955115618
1857,-102.52324094623327
1858,84.84649065101985
1859,80.83671953645535
1860,92.11237717606127
1861,-109.04616232216358
1862,-80.6873640405538
1863,-90.23563974598073
1864,-79.57570186015073
1865,-82.5770214580698
1866,-107.70819517970085
1867,-79.37113443913404
1868,-106.9562083928613
1869,-81.54405972201494
1870,-83.05968768754974
1871,-95.94878607615829
1872,-88.4292594473809
1873,-102.67488255025819
1874,91.51208920963109
1875,89.45552455075085
1876,91.80616445280612
1877,-82.36875930835959
1878,-109.48998886998743
1879,89.7948270040797
1880,-76.62288391581387
1881,-143.8406043961004
1882,81.5779317165725
1883,87.04566914338648
1884,88.87442910042591
1885,-85.80088021978736
1886,-106.37469556927681
1887,77.74581292326911
1888,-138.4267736809561
1889,-89.94253552041482
1890,-77.12968933125376
1891,-137.39022569337976
1892,-78.67523995146621
1893,-75.5657638059929
1894,-139.69989526015706
1895,-75.66490541636449
1896,93.03854487463832
1897,-75.05069621946313
1898,-120.02991547808051
1899,91.51489539211616
1900,-83.57392294087913
1901,-139.66222876045504
1902,-77.62623416705173
1903,88.95593872838072
1904,-81.08552952314494
1905,-94.47204346954823
1906,87.44851424684748
1907,93.8953487817198
1908,85.79316960542928
1909,-95.05687880527694
1910,87.58466456015594
1911,-79.5955111043586
1912,96.1091135814786
1913,-128.76614405785222
1914,99.9000015258789
1915,-83.58474922121968
1916,91.95117359608412
1917,83.95116917143605
1918,88.25998323513159
1919,-102.94387450069189
1920,82.9567657794687
1921,89.85660351673141
1922,-97.7348572810879
1923,-81.93045205695671
1924,89.18817796054645
1925,93.41074455715716
1926,-101.32490463467548
1927,-77.833120716532
1928,95.80229313671589
1929,-75.32910354694468
1930,-102.05550514906645
1931,-80.47970775025897
1932,-136.5703998359677
1933,93.0872866883874
1934,88.56357699073851
1935,-73.20703298843
1936,87.94194521403551
1937,-103.87734357174486
1938,-80.01775759307202
1939,-79.18991780828219
1940,-81.90159485908225
1941,-83.13375564850867
1942,-150.24728691892233
1943,77.93741032203252
1944,-82.34448924742173
1945,-91.72796886102878
1946,86.70243177749217
1947,-76.85867415613029
1948,-151.85928570327815
1949,-85.1065769684501
1950,-75.5026110529434
1951,-104.47862604659167
1952,89.89193213099497
1953,91.06716469815001
1954,-74.25642259939923
1955,-113.92834534769099
1956,90.70582178756013
1957,88.22873535446706
1958,-81.02394027868286
1959,-104.8901352416724
1960,94.65792799845804
1961,77.29933105886448
1962,-105.19212191551924
1963,90.54270604997873
1964,91.12761125713587
1965,69.04946459643543
1966,75.44818358775228
1967,-96.25147564709187
1968,-84.6135635599494
1969,-104.73340038210154
1970,66.39531530812383
1971,68.27377298660576
1972,-85.17840997129679
1973,-84.09742690995336
1974,-80.74409031914547
1975,-84.94276549480855
1976,-85.12928988412023
1977,-93.47624230384827
1978,69.08394508063793
1979,-83.32758904143702
1980,-80.820510789752
1981,83.56145875155926
1982,-84.68844129517674
1983,-92.88604719936848
1984,-84.0468335300684
1985,83.53874242305756
1986,-88.77840128540993
1987,73.83155440897099
1988,-96.22385888933059
1989,-82.02370538143441
1990,90.27951949182898
1991,87.99667919997592
1992,-79.43718624688336
1993,81.54958519304637
1994,88.33687890321016
1995,-83.97460669465363
1996,-102.47759934142232
1997,89.12791991894483
1998,75.53244999793242
1999,-101.89426243389607
2000,-74.19615566628636
2001,-106.03142446262063
2002,81.97717950935476
2003,91.19810813851655
2004,75.93111360323383
2005,-149.67093690286856
2006,93.08860323578119
2007,92.79723159968853
2008,83.10240360163152
2009,78.95490990602411
2010,88.65351653306425
2011,-112.47961103916168
2012,-81.0973133262014
2013,-98.57789339672308
2014,85.64722610957688
2015,85.52452553224248
2016,80.99247773428215
2017,-93.9353544274345
2018,82.75187011936214
2019,83.36022315535229
2020,87.12261265015695
2021,-111.57271055877209
2022,86.84451964483742
2023,85.84754181708558
2024,-150.9379767414648
2025,89.14267813228071
2026,92.79983098302182
2027,87.63114125861466
2028,94.2717793956399
2029,-77.55761729660298
2030,-123.967628326267
2031,94.21949725039303
2032,94.12693614512682
2033,85.10166883093189
2034,-78.99870553193614
2035,94.20992843201384
2036,-75.92540035693673
2037,-158.39483117172495
2038,85.14053780463291
2039,-81.00674480808084
2040,80.01855904472905
2041,-107.89306423347443
2042,80.9100514667225
2043,-83.3209026000277
2044,-113.6600010022521
2045,-75.99061854198226
2046,-146.6143388481869
2047,72.98511770740151
2048,84.13510256074369
2049,-148.65715645971795
2050,-72.95351822000885
2051,88.53758835373446
2052,91.11022370681167
2053,-89.89270027627936
2054,88.62161873925322
2055,90.41897995301406
2056,86.80173007059057
2057,92.53979501035064
2058,-125.40608135785442
2059,-74.38762074991246
2060,-76.07376822368278
2061,-93.8585017065052
2062,82.28409612621181
2063,78.90200020449993
2064,-137.26955098641338
2065,-78.92501940624788
2066,-83.440613357845
2067,-108.24745017662644
2068,84.85184461132303
2069,-76.80291330328328
2070,-95.99386298656464
2071,-74.19913653898402
2072,80.62814239805448
2073,-78.99502193144144
2074,81.06239226140315
2075,81.97260579280555
2076,-111.41500234603882
2077,-82.46295271243434
2078,-102.56897166837007
2079,93.07190167717636
2080,-87.34084352478385
2081,-98.83120318222791
2082,-80.6733097282704
2083,86.57450605463237
2084,76.30363042955287
2085,-101.51456712931395
2086,87.3389319460839
2087,-74.3391416819286
2088,-108.28238600119948
2089,-70.16789227281697
2090,-99.13545039264136
2091,-71.7662392508937
2092,-81.20799068291672
2093,-98.39260675699916
2094,82.00208962566649
2095,84.8730179968461
2096,-89.53316186767188
2097,-75.93918334096088
2098,91.13249517939403
2099,-94.60155916155782
2100,-74.44304652630672
2101,-71.01577406548313
2102,-126.30085876877274
2103,76.02450886730912
2104,81.93475988294813
2105,-106.99232858978212
2106,-72.29678160781623
2107,90.62264448043425
2108,-116.66784729366191
2109,77.74873487299192
2110,93.64145582693163
2111,82.20659610644361
2112,-99.1088357269764
2113,-78.62483158698888
2114,82.44159924983978
2115,-101.92041552811861
2116,89.35291582273203
2117,-73.86517649696907
2118,-88.0252517350018
2119,84.3798167874047
2120,-72.8888176326509
2121,-94.19513016194105
2122,75.37548839938245
2123,87.63195519393776
2124,90.58967755327467
2125,-75.8734403308481
2126,88.54163472075015
2127,82.35760782388388
2128,-95.14287387518561
2129,-74.46859508203636
2130,90.18982130335644
2131,90.39771097546327
2132,-85.95674941386096
2133,-76.95665011601523
2134,-95.70468899729167
2135,86.20912263984792
2136,93.48350692447275
2137,83.75592090527061
2138,82.86818099506854
2139,-85.23640591616277
2140,90.60516566698789
2141,79.89382834971184
2142,89.75435105897486
2143,86.01195601187646
2144,-102.54018125683069
2145,88.16211779238074
2146,-82.11546279728645
2147,-102.24826175905764
2148,88.16770493015792
2149,75.5097092075739
2150,-117.87896397372242
2151,-73.52079767855321
2152,81.02762285719655
2153,-103.78903908282518
2154,83.23043847165536
2155,-95.29434000409674
2156,-71.93233077824698
2157,82.78232777211815
2158,86.00781933462713
2159,-113.00601193392504
2160,83.69106212080806
2161,73.08783623268391
2162,-121.07097978424281
2163,-71.78063661682972
2164,-142.59318783663912
2165,89.35376995801926
2166,87.75258394947741
2167,88.04932541280868
2168,-73.0780659384327
2169,-87.02339674616815
2170,83.96690913487691
2171,87.23796032771497
2172,-108.67010939994361
2173,75.0755317399744
2174,-73.54616839427035
2175,-91.4678590902131
2176,81.23119805313763
2177,85.933356433874
2178,-104.52897334005684
2179,91.941052749753
2180,79.86270484770648
2181,-153.55050938331988
2182,-74.19346101829433
2183,90.23429445142392
2184,86.84818098458345
2185,86.73650120431557
2186,-102.7918259575963
2187,85.13386079086922
2188,79.70001142428373
2189,-111.11830764636397
2190,69.12897075200453
2191,-92.03129623795394
2192,72.68964989029337
2193,-82.33337163738906
2194,-97.46394091285765
2195,-81.40923163248226
2196,85.21686113599571
2197,-83.48815114190802
2198,84.53052864223719
2199,73.00117003975902
2200,77.59112895280123
2201,-95.59868521243334
2202,83.80132416449487
2203,-76.853936894855
2204,-98.22123557329178
2205,82.42137992740027
2206,-88.80665388100897
2207,82.27748342088307
2208,86.45247821411613
2209,87.37237335077953
2210,104.5768364630112
2211,83.09895686579512
2212,-72.80286199151305
2213,-100.21807229009573
2214,79.79011745596654
2215,83.46597144423868
2216,81.05387812457047
2217,-83.907181462273
2218,-82.75492571518407
2219,-101.6903379401192
2220,75.35697509581223
2221,90.37817478412762
2222,75.24231649732064
2223,-111.76735489815474
2224,89.17084475012962
2225,-73.38295228548668
2226,-98.40778078138828
2227,84.8267682766018
2228,82.33814435251406
2229,-102.42772551730741
2230,87.69321125978604
2231,86.51906668014271
2232,77.14088102539063
2233,-106.09316731244326
2234,78.67312917497475
2235,81.8385437693214
2236,-103.48036293685436
2237,-72.03315860538123
2238,87.43059629050549
2239,-90.48994053713977
2240,83.75118149445916
2241,87.51354357157834
2242,-88.52827011051158
2243,83.9230247181622
2244,-72.37325445582383
2245,-100.42540867673233
2246,83.20218660400133
2247,91.42044796748087
2248,92.05065954523161
2249,90.67600888444576
2250,-115.99383479108656
2251,91.47238891012967
2252,89.36917478341502
2253,83.80309559518355
2254,-56.364403428415244
2255,-79.18068974098423
2256,-223.13736510570743
2257,101.55159120255848
2258,119.22773903096095
2259,121.14973004162312
2260,101.29952333763504
2261,-102.52019637823105
2262,-72.40806940064067
2263,-75.49479861592408
2264,-64.93948197506688
2265,-59.119360196571506
2266,-114.29375920968596
2267,-79.58684224030003
2268,-90.47613718739012
2269,126.00350081175566
2270,-49.665884552901844
2271,-72.51379509235267
2272,-80.47857663291506
2273,135.02694983780384
2274,-77.87003578455187
2275,133.14609181725245
2276,114.28682179871248
2277,-86.52304500192258
2278,122.1362872828031
2279,134.35447420623677
2280,-56.15266554328264
2281,-76.02240924313082
2282,-36.34683980338741
2283,-72.76462579191502
2284,-68.58634200858432
2285,131.81018374487758
2286,-69.9629917559214
2287,-80.46924871977535
2288,-85.51421432400821
2289,112.22548088757321
2290,123.75881382681109
2291,105.11921442518951
2292,-96.97023927979171
2293,109.64236761064967
2294,101.2789352250984
2295,111.01128079414411
2296,-103.24244777113199
2297,105.53230740072104
2298,-90.47600841345411
2299,-65.88876868251828
2300,103.27367479508393
2301,124.9984506162873
2302,-94.30741356348153
2303,103.42572758812457
2304,109.00732309612977
2305,-138.0978474356234
2306,-73.37973066302948
2307,123.1837433159817
2308,-109.97212452034
2309,109.88582448923262
2310,100.92166730523604
2311,-98.75417853565887
2312,113.05508809059393
2313,101.88192420035193
2314,-97.6232082080096
2315,106.9725472247519
2316,119.61059015803039
2317,-98.13625772581872
2318,-60.67560308508109
2319,-59.66364132193121
2320,-116.90176674083341
2321,-24.63806785689667
2322,-152.39868763642153
2323,124.23062254115939
2324,118.51381603599293
2325,107.51695272879442
2326,118.80888280272484
2327,118.96993450296577
2328,-162.40037690848112
2329,117.71024359394505
2330,102.87762774938165
2331,-42.560304544866085
2332,101.2624826222891
2333,107.7769382490078
2334,-95.79883123515174
2335,123.10318785905838
2336,-52.35051796136577
2337,98.86024227595772
2338,-98.37514356896281
2339,127.5822676923126
2340,122.63314560055733
2341,-65.81606007596747
2342,-113.73590781725943
2343,105.59560299114673
2344,-105.82428081152466
2345,103.4332396320824
2346,103.6822227981811
2347,-102.40627979207784
2348,-53.4677869647785
2349,-84.22106252622325
2350,-53.073740685993016
2351,116.98105119395768
2352,-89.08354206557851
2353,111.74130324649741
2354,109.39092640927993
2355,107.76503101701383
2356,-86.69496793334838
2357,112.34364020213252
2358,118.01045299280668
2359,113.1638023739215
2360,-88.52114118740428
2361,120.99130128929392
2362,-69.5253765066318
2363,118.14367695292458
2364,-143.5531370624085
2365,102.82190265593817
2366,-74.5909854794445
2367,-94.78921649348922
2368,115.5726704080007
2369,-68.5279252746841
2370,105.5805998192518
2371,-75.7884863797517
2372,-68.45490053400863
2373,-133.96939911670052
2374,-68.16647774985177
2375,109.18782949843444
2376,-94.10079107494676
2377,124.98111793934368
2378,123.38258339464664
2379,-68.95048748332192
2380,-107.47389230458066
2381,102.97900865072734
2382,-69.83919137887278
2383,-98.38864871114492
2384,107.25543124997057
2385,-99.80339965576422
2386,106.61688431289804
2387,124.10846403241158
2388,114.16246492923528
2389,109.58506821381161
2390,-93.31549706310034
2391,-61.189792368408234
2392,-97.43902912409976
2393,123.72699289159209
2394,110.64167485025246
2395,122.6220263527357
2396,-104.38707213400039
2397,-70.28762243908932
2398,-83.9872493641451
2399,-82.0655138650909
2400,-76.15713616076391
2401,-86.84734209248563
2402,-56.507739128312096
2403,98.12900804892706
2404,118.48626310190639
2405,-49.99388818850275
2406,116.71163664059713
2407,-40.95696796581615
2408,-107.73300009965897
2409,121.30477844923735
2410,123.38009802211309
2411,-50.15890599740669
2412,-97.29620257019997
2413,109.72269823300303
2414,-144.63714383970364
2415,111.5112746785162
2416,101.98490554569435
2417,-69.52074491721578
2418,-94.06118994613644
2419,103.41500941151753
2420,117.61898376606405
2421,-92.45820771390572
2422,117.58695924293716
2423,106.84011294562515
2424,-100.12819807667256
2425,-47.27607673272723
2426,121.71531276125461
2427,122.14841302484274
2428,-109.34249559146701
2429,107.95319935376756
2430,103.71942741816747
2431,-94.16040015686303
2432,-49.66921897555585
2433,-98.79827419918729
2434,100.3355282524135
2435,-70.88211888892693
2436,-87.88980963488575
2437,120.56604815540777
2438,115.20533755104407
2439,120.108745863894
2440,-110.33611163096793
2441,113.2233365725624
2442,-94.96661255581421
2443,105.1337230244244
2444,106.94715845712926
2445,99.57326376804849
2446,-80.42964315414429
2447,-39.91174492571736
2448,107.70580373247503
2449,-91.55539075098932
2450,104.03722119622398
2451,-102.83059821309325
2452,122.11846473067999
2453,121.18186639994383
2454,-63.070065607957076
2455,112.2183423259994
2456,-90.29809059831314
2457,-69.1068748801481
2458,-92.3826027791074
2459,100.8815425291832
2460,120.9642745165911
2461,103.08646127776592
2462,-110.7339062698884
2463,110.12907217274187
2464,-50.39556159474887
2465,-98.20593619346619
2466,105.79164058819879
2467,-98.49718164177466
2468,-57.03364495077403
2469,105.17645828885725
2470,119.79744987934828
2471,-98.85966828409437
2472,109.6770844614366
2473,-68.52223795538293
2474,-66.50986019161064
2475,111.5278448330937
2476,108.03716769555467
2477,-98.67529448159621
2478,121.29324202012685
2479,102.2925678095271
2480,-92.64680463897957
2481,105.87879824091215
2482,-65.38950018061587
2483,108.78890592636344
2484,-108.91436138004065
2485,100.18710455676774
2486,-85.07231101277284
2487,103.21164162705827
2488,123.37508714085561
2489,-66.36017590501433
2490,-95.72916417685337
2491,103.6327575565956
2492,107.03447442292236
2493,-111.65159745374694
2494,105.75653568535927
2495,100.94708490988705
2496,-108.54057702980936
2497,110.29356095287949
2498,121.5595516274334
2499,102.19763242237968
2500,-106.88150988915004
2501,104.04252091815579
2502,106.70414460421307
2503,-96.14735886082053
2504,-65.09088537469506
2505,87.42654896155
2506,106.35260952974204
2507,-66.78440773952752
2508,-82.98886692083761
2509,-58.911355130781885
2510,-65.76798695625621
2511,-101.10778580984334
2512,111.90639709861716
2513,106.07470678768732
2514,-97.41018018277828
2515,106.77133462717757
2516,130.64472410321832
2517,124.87781797535717
2518,-95.89026762265712
2519,108.688550694671
2520,103.06150873977458
2521,-91.75348458858207
2522,106.48360978707206
2523,105.2555764386052
2524,-99.84082889545243
2525,123.27929731458426
2526,-67.96374335456494
2527,122.60629881639034
2528,-109.78299485810567
2529,-68.2512608228717
2530,119.65723703083495
2531,-104.54740160284564
2532,117.70115594693198
2533,-61.20760133529984
2534,-100.6328726933134
2535,125.13439130969346
2536,-55.74111216998426
2537,-90.39738988340832
2538,-15.944478519755648
2539,-57.59708103293087
2540,-99.01964347064495
2541,121.61894342707456
2542,116.03097704256652
2543,-103.20854944831808
2544,116.72808082291158
2545,-58.800974986399524
2546,-77.31486730882898
2547,120.78366959703271
2548,-47.94988753728103
2549,-105.21178875118494
2550,121.11704396631103
2551,101.295498009742
2552,-88.04358081988175
2553,-53.90997930415324
2554,117.43583202390437
2555,-92.08681220537983
2556,-55.46720102180552
2557,101.3115171136742
2558,-98.32074439065764
2559,-80.59761235350743
2560,-58.44813232519664
2561,-107.87395637109876
2562,-82.68171262508258
2563,133.44138311630013
2564,-70.41480059234891
2565,107.25409308139933
2566,-67.44108381017577
2567,-90.81785609055078
2568,99.8266166994581
2569,123.02008929848671
2570,-149.94549701327924
2571,123.31076316849794
2572,122.96621924638748
2573,118.3308620279422
2574,-66.57340324332472
2575,-111.0763722890988
2576,126.1216977232034
2577,118.74206825441797
2578,-85.20498431799933
2579,106.2686392655014
2580,-65.74423480841506
2581,-90.81698270031484
2582,-10.29109471476113
2583,-43.34845771235996
2584,-107.61463758349419
2585,126.1025172919035
2586,103.10965457524435
2587,-92.8721890974557
2588,-75.07886127646634
2589,-76.0129196760463
2590,-59.138679214636795
2591,-42.98228386049959
2592,-88.08601691946387
2593,-67.28026165993651
2594,-53.302526649378706
2595,-106.20049303723499
2596,111.34747798147146
2597,-76.1539701544898
2598,-101.83090812797309
2599,117.1942100362503
2600,-66.76332937527332
2601,-95.10075963975396
2602,108.83874081805698
2603,101.92953779441302
2604,-75.86578012257814
2605,-63.3336973193218
2606,-94.05030196651933
2607,-69.32466940861195
2608,103.16530897340817
2609,112.78041470795506
2610,-101.82323635369539
2611,119.80917810754272
2612,-65.10945544348215
2613,-95.29107480496168
2614,-55.92551811099838
2615,-105.39770285866689
2616,110.66262707844726
2617,-62.41622002978693
2618,-92.40230312413769
2619,108.4431711275538
2620,116.04388409724925
2621,-86.19879694556585
2622,114.88803376170108
2623,-68.31853484601015
2624,122.7611212991178
2625,-85.6966476667676
2626,114.69428760465235
2627,-48.817428865557304
2628,-100.43147170564043
2629,121.09109987691045
2630,-65.63639941297879
2631,-88.75238970667124
2632,123.09218507260084
2633,-56.87367441202514
2634,122.80053296389087
2635,105.72323918365873
2636,-93.49542965181172
2637,101.26944296283182
2638,-90.91502393965493
2639,118.24565334437648
2640,-50.61798740166705
2641,108.91485293744336
2642,-104.38618497923017
2643,117.237165419152
2644,-25.01227963261772
2645,-138.5281110048818
2646,-56.062961372430436
2647,-66.42287561375997
2648,-95.2459230646491
2649,96.43943384860177
2650,-100.37094196819817
2651,-15.060039555639378
2652,107.21206498268293
2653,-101.08341599386767
2654,-39.376877689617686
2655,118.89264216274023
2656,113.84806401116657
2657,-89.96890896954574
2658,-39.50815161145874
2659,105.67659830654156
2660,-108.72896479815245
2661,103.18259050721826
2662,110.90077140412177
2663,129.75472336262465
2664,103.87989183430909
2665,-71.07824606241775
2666,125.23814786886214
2667,-86.4656047062017
2668,101.00463986163959
2669,-26.297318391647423
2670,-99.17768336832523
2671,-73.69963739381637
2672,108.64023639279185
2673,-122.34007136896253
2674,118.81843046109134
2675,-67.79602697075461
2676,-106.89727813564241
2677,105.07155902613886
2678,103.74728534332826
2679,-92.05384430848062
2680,111.66043996658118
2681,-62.37654356987332
2682,-98.45984046394005
2683,-77.47873934649397
2684,-83.31182170356624
2685,130.36570246863994
2686,-0.2040639061597176
2687,125.22756817750633
2688,-105.80827058840077
2689,114.06959695760452
2690,-63.475201654975535
2691,-83.65641735427198
2692,-61.904514078691136
2693,106.63177509742673
2694,-101.42968230880797
2695,106.51054785144515
2696,104.7758891172416
2697,-102.45800168812275
2698,-63.9018837204203
2699,110.3298893935862
2700,122.78786097466946
2701,-101.13599815266207
2702,112.19573777358164
2703,110.91932546460885
2704,-150.38618228585983
2705,107.5949320315849
2706,121.99202466526185
2707,106.58161776347697
2708,-97.99063001142349
2709,104.21714515716303
2710,110.73443197004963
2711,103.62254417824442
2712,-147.4531322963594
2713,114.26563827770588
2714,-64.27235277667933
2715,-101.51876793394331
2716,-16.300554860499687
2717,101.29157077270793
2718,-110.49928838631604
2719,109.05862487049308
2720,109.43688091196236
2721,-111.4696956489006
2722,115.18685942597222
2723,107.23372113250662
2724,-134.99531162684434
2725,115.87395121168811
2726,119.77390237525105
2727,104.83838462253334
2728,-11.537304750818294
2729,-119.69934872537851
2730,118.85857772640884
2731,104.11956627795007
2732,-89.41177292194334
2733,-28.94448525961343
2734,-49.52573817339726
2735,-116.3301592618227
2736,105.34850604174426
2737,103.31289711475256
2738,-115.96506445668638
2739,117.56442863598932
2740,103.35272087348858
2741,-78.9213793957606
2742,108.36365514714271
2743,112.95415961946128
2744,108.80251432867954
2745,-106.3498871922493
2746,-57.41449699641089
2747,-127.24070630769711
2748,-64.00042183288315
2749,103.51333224281552
2750,121.31159839243628
2751,-95.64071326563135
2752,116.5371483899653
2753,99.6859745249094
2754,-101.48523013442173
2755,121.23082520018215
2756,115.86164813682262
2757,118.3525093546341
2758,-100.29960537367151
2759,116.37668944330017
2760,97.01864057438706
2761,-72.88120746653294
2762,124.64067287743092
2763,-81.9064190252684
2764,-79.7905247900635
2765,-81.00886722956784
2766,-78.57460562838241
2767,-64.27075777589926
2768,122.48127617686987
2769,115.93741611414589
2770,105.72622920724098
2771,-107.59672533428238
2772,117.8905823508976
2773,103.1549943753489
2774,-99.40936597902328
2775,102.20989854563959
2776,125.84384804591537
2777,-52.59446769655915
2778,-101.56230007112026
2779,118.66640202087001
2780,-44.33187001046463
2781,-99.09541160613298
2782,-56.01878059050068
2783,-59.26784746843623
2784,-88.37291016511153
2785,-71.09280177089386
2786,118.6672311235452
2787,-78.48374806949869
2788,-66.9306798587786
2789,119.19500807242002
2790,-115.43361105024815
2791,-59.06604687101208
2792,-93.34717592130619
2793,124.502218157053
2794,116.85428546078037
2795,108.89010442318977
2796,104.58482401340734
2797,-93.62083917111158
2798,-62.737820114183705
2799,-103.00698572475085
2800,-43.044567257944436
2801,112.9640967992018
2802,-77.36780153482687
2803,120.93655686243437
2804,-58.47785750435287
2805,-99.03402194811497
2806,106.40049907121283
2807,97.27878630021587
2808,-87.88884090073407
2809,113.01560613675974
2810,116.72147048873012
2811,-70.37331186679694
2812,100.4571802370192
2813,108.0288463216857
2814,111.59389932618433
2815,-99.71855342388153
2816,119.23837512618047
2817,120.84023800457362
2818,-97.18179899838287
2819,98.84413893297278
2820,122.01512699318118
2821,-93.7601835388923
2822,104.78517316424404
2823,102.69786561201909
2824,-82.51422280320548
2825,127.30508880148409
2826,-80.2215342081854
2827,-75.5561064966023
2828,-82.67636918835342
2829,122.97127860307228
2830,-82.75929392513353
2831,-79.89412184096727
2832,-81.41476146737114
2833,-82.22132823747233
2834,-83.6661596398626
2835,-58.79142249276629
2836,-83.35903765121475
2837,136.2065416177211
2838,-90.23805718868971
2839,123.29087145914673
2840,148.55141073961568
2841,99.5989428521134
2842,123.18436949088937
2843,99.44956773135345
2844,108.69417519829585
2845,-106.53931918367743
2846,-79.59428446507081
2847,-77.36085416655988
2848,-79.50914131299942
2849,-80.4250587959541
2850,-94.150285015814
2851,133.0475833415985
2852,-78.3061164280225
2853,-99.67361902458651
2854,122.57241624846938
2855,-71.86795935488772
2856,-78.09493331181875
2857,106.31941587300389
2858,107.15762482810533
2859,-93.37825554450183
2860,104.69584751306684
2861,129.6597257219837
2862,156.0455260979943
2863,135.88558603823185
2864,-82.11057599959895
2865,-49.40579672239255
2866,-76.90363974613138
2867,-54.95444752671756
2868,138.82416025860493
2869,-46.897476734062366
2870,-79.26000380143523
2871,-60.14960820614942
2872,-83.22853827523068
2873,-90.37737030535936
2874,117.30959990166593
2875,-56.78703201845565
2876,-93.09642556868494
2877,-81.89639308024198
2878,133.4179480670682
2879,-76.43821875564754
2880,-81.20775536901783
2881,-83.11399288102984
2882,-80.08313032786828
2883,110.7738653877168
2884,-105.80708516598679
2885,-66.63388504472096
2886,115.01815367146628
2887,-22.74298116870341
2888,-182.57657921596547
2889,100.36556940467563
2890,-10.911855310981991
2891,123.20814333483577
2892,123.85931562632322
2893,-66.69526279950514
2894,114.68434002907452
2895,123.81469327770174
2896,121.8973796935752
2897,-63.75238492549397
2898,114.4164633465407
2899,111.77103959448868
2900,-60.24997005518526
2901,108.28833580156788
2902,124.03898448497057
2903,-45.185999007830105
2904,-8.398827361583244
2905,-11.816965821897611
2906,-55.895428670803085
2907,122.87121460758499
2908,-10.093658062593022
2909,-49.386873491690494
2910,109.77688186379964
2911,-3.2618031622841954
2912,-40.84793557881494
2913,109.13811846883618
2914,111.91173878323752
2915,-43.59416928095743
2916,97.90606988675427
2917,101.55554804819985
2918,-51.10146261754562
2919,-16.964689841457584
2920,103.25103753211442
2921,-44.30348616177798
2922,118.75968643726083
2923,122.19090501914616
2924,119.13417529180151
2925,118.45294310897589
2926,105.04250258917455
2927,-10.419082054424507
2928,-18.061985844629817
2929,-44.80075809815753
2930,103.74810609730775
2931,-2.8712959160329774
2932,-52.278764718379534
2933,103.81888861506013
2934,103.87632162391674
2935,-56.06482197716832
2936,-0.3798057781532407
2937,-34.65983837726526
2938,125.11869387759361
2939,105.27573025674792
2940,104.98868995331577
2941,-64.71920444816351
2942,104.9865593923023
2943,116.72003417168162
2944,-56.055991293280385
2945,110.19541485531954
2946,102.66066247122944
2947,-34.252674637478776
2948,114.75521376234246
2949,114.57155114685884
2950,111.61803526876247
2951,-44.70567046353608
2952,121.32154762232676
2953,-17.83608003196423
2954,106.10361818225647
2955,-44.46255853027105
2956,122.21018729981733
2957,-9.898035789956339
2958,-71.29964943121013
2959,-19.076803230826044
2960,-48.92191141913645
2961,122.74739823490381
2962,118.04384279123042
2963,-10.343816604436142
2964,-56.61284443421755
2965,-4.718758823226381
2966,118.4996083121514
2967,106.1483789505728
2968,-70.77219676598907
2969,121.50694316352019
2970,-20.96445012645563
2971,119.52251997712301
2972,112.53858632838819
2973,-9.455634434121748
2974,102.84909055544995
2975,115.96026854063166
2976,101.54010488262247
2977,107.71204730728641
2978,-51.854028185713105
2979,-12.561046094655467
2980,112.06871714808221
2981,-50.56968689104542
2982,105.71742446775897
2983,105.22252753621433
2984,-103.44955510133877
2985,110.99071583733894
2986,108.92534804949537
2987,-12.036167454498354
2988,-54.89040557270346
2989,104.70812561328057
2990,103.9601363138645
2991,-55.123955857008696
2992,98.70009101408505
2993,-49.76065872336039
2994,123.85428000614047
2995,103.86546786371036
2996,122.39636313170195
2997,-3.210750586100403
2998,-43.934488505125046
2999,-17.881854828447104
3000,-52.61065370077267
3001,109.06878776757367
3002,106.22318150202045
3003,-41.70882725273259
3004,-17.275505376535875
3005,118.86335485588643
3006,115.03704017878044
3007,119.74125769734383
3008,-54.28250061161816
3009,101.64428380821482
3010,-41.08375197243731
3011,105.31411650590599
3012,106.78589700752491
3013,-42.62917510943953
3014,-11.907148426036656
3015,102.97411580127664
3016,-57.85019385162741
3017,111.74874014192028
3018,100.42130050174273
3019,-52.96674694586545
3020,-17.30436921254295
3021,115.74313969846116
3022,118.52533683393267
3023,-59.97933096719498
3024,101.48431490483927
3025,102.03044954054349
3026,112.51777356676757
3027,108.27366248401813
3028,103.53786847216543
3029,105.44280266750138
3030,-39.49835034494754
3031,101.60842121181486
3032,121.12713713065023
3033,116.29212880274281
3034,-56.777965311310254
3035,103.52824257855536
3036,108.65657596864185
3037,-58.734819680219516
3038,102.11517968025873
3039,102.00057108535111
3040,-68.15441514656413
3041,106.12911062094645
3042,112.68696946074488
3043,112.2176015534933
3044,-64.51518493890762
3045,106.36206658632727
3046,-33.528763201728
3047,102.00590067973826
3048,118.38418576344702
3049,99.13232474798679
3050,-45.457487078383565
3051,104.53163462842349
3052,117.3350880369544
3053,125.19926721602678
3054,-56.539350725128315
3055,-29.163509379599418
3056,86.69580762323312
3057,104.07779411313822
3058,95.47047038350138
3059,102.34236860647798
3060,96.05359909881372
3061,-110.9991096649319
3062,87.39862551097758
3063,92.4085825275688
3064,78.70183591794921
3065,-107.59890266678121
3066,81.39869020646438
3067,97.11657255097816
3068,79.94988101730269
3069,-109.06722282878764
3070,80.14083283970831
3071,101.15955959190615
3072,97.82738705268275
3073,80.35694818559568
3074,-102.99636537581682
3075,74.93814005493186
3076,89.43988870055182
3077,-25.293376612477005
3078,109.47589993663132
3079,-34.34042886458337
3080,-126.54136024368927
3081,-32.83738277369412
3082,-33.11820989951957
3083,-117.62965377420187
3084,101.83353560609976
3085,-15.247833617497236
3086,-119.85981117854317
3087,-34.07235682301689
3088,-16.237052510259673
3089,-119.69981018640101
3090,98.32847939932253
3091,84.4323694693303
3092,78.44617160398047
3093,103.53355080223992
3094,-101.38985151425004
3095,79.38624294218607
3096,80.23795054864604
3097,93.80038300320302
3098,-108.55942553147906
3099,83.35771391933667
3100,96.95379483595025
3101,93.8528244686895
3102,89.63514868897619
3103,-110.63941892609
3104,91.73516481684055
3105,97.04166346722923
3106,83.95254153915448
3107,-116.7766727459184
3108,92.30777460891477
3109,82.4205439897487
3110,94.67451422277372
3111,86.03150651010219
3112,-101.86313874198822
3113,87.68241382908309
3114,87.26907375390874
3115,88.08137347578304
3116,100.96002315083751
3117,-131.47659424692392
3118,76.90168933112363
3119,100.46620026134951
3120,-119.33995662257075
3121,81.87916481040884
3122,78.11326860953704
3123,103.30634792942146
3124,101.81595416343771
3125,-107.38401455059648
3126,80.20882447625627
3127,85.21501539603923
3128,92.02172349888133
3129,-114.06069119088352
3130,104.63446577265859
3131,79.57055534154642
3132,88.62550036185712
3133,99.05997226119507
3134,-110.73826801776886
3135,82.14543474989478
3136,82.23106606828514
3137,95.98997834778856
3138,102.03257842699531
3139,-105.93421922251582
3140,91.92754551416147
3141,77.87138590525137
3142,92.20111178798834
3143,-109.18306840379955
3144,85.15687855758006
3145,85.97347378823906
3146,79.16471974649176
3147,-98.93385398705323
3148,98.54689163691364
3149,88.40141233068425
3150,82.86725753574865
3151,87.19751896493835
3152,-105.43698768690228
3153,84.66915518243331
3154,80.46429038203496
3155,94.47646355710458
3156,-112.65283890522551
3157,76.01193504908588
3158,101.39979446306825
3159,83.68874741613399
3160,-115.02676422183868
3161,79.1280284949462
3162,92.78614576091059
3163,102.39227931611094
3164,84.54712723285775
3165,-105.78846445120871
3166,80.1638107591134
3167,88.14924695240916
3168,83.77746658632532
3169,-104.7363322408346
3170,77.11809046435519
3171,98.55570612341398
3172,79.09896272356855
3173,-112.07838111557066
3174,87.36245140476967
3175,78.09691758890403
3176,103.60602719523013
3177,96.12414901712327
3178,-106.82453345879912
3179,86.99196844191465
3180,102.53300503227365
3181,83.16923462465638
3182,81.1295011601178
3183,-102.65919019281864
3184,-23.37060118530644
3185,81.50902023911476
3186,84.50391377403866
3187,-100.77365714800544
3188,96.51130143687988
3189,103.1036615275807
3190,-21.414195193108753
3191,-107.43830492845154
3192,-19.060206951166037
3193,90.00570769750266
3194,87.41958827515191
3195,-106.02779521048069
3196,91.80548440848361
3197,97.65233336912934
3198,90.60489019608212
3199,84.7843266124546
3200,-104.77723743207753
3201,92.67142555466853
3202,83.4202787798713
3203,-28.92143027536804
3204,-111.0429012812674
3205,97.55054577613191
3206,77.75514179377933
3207,97.27818721774383
3208,103.25717775296653
3209,-129.696278212592
3210,103.3842142522335
3211,89.63625014739227
3212,94.83352167136036
3213,102.13106769431033
3214,-114.59926431576605
3215,94.1513354141789
3216,93.37103273818502
3217,82.54137016506866
3218,88.4922695911373
3219,-104.19769379869103
3220,76.71561041314271
3221,78.9522917229624
3222,-120.443823306181
3223,79.74168232287047
3224,77.5012178121251
3225,100.75586959242355
3226,-99.24104011377858
3227,84.34503945373581
3228,81.9049958785763
3229,84.31526214283076
3230,-112.1344901251141
3231,93.51160351881845
3232,98.5391559588752
3233,-33.2796931816265
3234,-100.17863602936268
3235,97.12404893363964
3236,77.52835223288275
3237,90.35284838886582
3238,-124.9900243433658
3239,85.72219861580561
3240,89.4910916974186
3241,78.58807263892595
3242,-102.06142105162144
3243,75.42641533288406
3244,93.22174548741896
3245,85.13890224992065
3246,-111.5366505109705
3247,-20.73436359840889
3248,78.64310462617141
3249,92.30697391784634
3250,-7.462892281109816
3251,78.22988892148715
3252,96.16009862092324
3253,-111.58177345432341
3254,77.98632795776939
3255,86.39321425755043
3256,79.59658511463203
3257,-100.91813774965703
3258,14.614361433894373
3259,99.93062177486718
3260,87.91555507411249
3261,-112.25220326916315
3262,103.39032486169162
3263,82.19254997525104
3264,87.6267633465468
3265,-113.91859122063033
3266,90.74174775416031
3267,96.6886153894302
3268,92.45796715281904
3269,-120.45894452705397
3270,90.19084746448789
3271,99.52719138457906
3272,99.46660440950654
3273,3.635811020678375
3274,-99.92635637335479
3275,88.46501313467161
3276,82.03570239951114
3277,91.95904048008379
3278,92.32171440089587
3279,-101.27444442361593
3280,79.54260456294287
3281,75.80760433348041
3282,-115.67927648333716
3283,94.40922184444207
3284,90.13114359672181
3285,99.74437140556984
3286,-114.40775006834156
3287,80.94523456963361
3288,103.9063750473797
3289,81.39756278239656
3290,-116.95633003438707
3291,89.10507423302624
3292,87.24097389815142
3293,79.19712049735244
3294,-113.13213433418423
3295,97.27700746199844
3296,101.17654021939961
3297,81.64041844601161
3298,-120.42900031860336
3299,96.29855852262517
3300,98.1946967371041
3301,89.14950248692185
3302,99.37522407461074
3303,92.7528887535409
3304,-127.53361657261848
3305,86.77809506328776
3306,86.02557207169593
3307,-108.13969865679974
3308,78.33981992409099
3309,86.63112035999075
3310,103.98815811797976
3311,99.1060211956501
3312,96.2104136061389
3313,-100.09861831313174
3314,80.79617946228245
3315,87.78857572382549
3316,83.40799596291617
3317,-110.17051764111966
3318,85.04319368395954
3319,84.10041327378713
3320,86.52999343624106
3321,-104.64438098017126
3322,80.25628942508774
3323,88.73814161954215
3324,80.80407559791638
3325,-106.63725016824901
3326,95.18502917600563
3327,78.81843332241988
3328,98.55079441954149
3329,-118.79464277242369
3330,74.69917086174246
3331,89.92762885038974
3332,97.27603100560373
3333,-123.21353794634342
3334,90.42874951750855
3335,88.88883350227843
3336,90.51498198260379
3337,-121.78570282842702
3338,77.58568106294842
3339,81.12475914345123
3340,86.47479868202936
3341,-122.94636099040508
3342,88.15690772058588
3343,95.08473663817858
3344,99.29615887894761
3345,-105.61261114630906
3346,98.88201560490415
3347,85.8067823843885
3348,83.57317780132871
3349,107.19353703608067
3350,-112.15008396329358
3351,77.75598566408735
3352,85.41347522597061
3353,-120.02891741273925
3354,80.9117591639515
3355,78.63344100260292
3356,94.79976848883962
3357,-109.35895122494549
3358,88.46684745488164
3359,81.07339177560061
3360,96.94481046954752
3361,-117.16755158366868
3362,-15.54139143624343
3363,96.8542957821046
3364,100.82293034216855
3365,-120.61347230098909
3366,95.38869791280013
3367,98.76141075463966
3368,84.50424214349187
3369,85.81806362024508
3370,-97.83009072393179
3371,84.43142643547617
3372,89.20342143304879
3373,104.98043679539114
3374,81.37332947936375
3375,-101.54460735619068
3376,105.80095894317492
3377,79.70273932092823
3378,81.95688628626522
3379,-103.326911092503
3380,83.97901525977068
3381,103.946707370691
3382,97.91689947544364
3383,96.515216386877
3384,-121.46629636036232
3385,97.2897176828701
3386,79.38473404495744
3387,97.852417805203
3388,-114.43851889693178
3389,80.30035967828007
3390,105.37998541817069
3391,93.5592947753612
3392,-109.67484226636589
3393,79.9348773881793
3394,84.88034655922092
3395,82.67528644925915
3396,-107.74428053945303
3397,91.07511120600975
3398,94.9443692758523
3399,84.02322832663776
3400,97.71303720350261
3401,104.17291573062539
3402,-98.66899280250072
3403,100.52250088171422
3404,91.71698945245225
3405,83.00710128656647
3406,100.05369570129551
3407,99.51005125779193
3408,-100.71043348312378
3409,97.27144442219287
3410,92.51267482976255
3411,80.42950870987261
3412,88.18512366292998
3413,-105.40019334480166
3414,77.45234606345184
3415,79.53835954459828
3416,-116.69776094354165
3417,82.94389872063766
3418,101.71326632684213
3419,100.34485514194239
3420,84.70911430387059
3421,-113.33247324451804
3422,93.7908433706616
3423,82.29763974076559
3424,98.46977881369457
3425,87.54731012810953
3426,-106.24062386900187
3427,91.54320976277813
3428,84.10402543004602
3429,-16.01312824714114
3430,-102.32195681438316
3431,97.32015779439826
3432,99.65887209196808
3433,82.82862233906053
3434,93.60236126453674
3435,-112.92809564381605
3436,-20.120927029987797
3437,89.91385469978559
3438,101.82803972711554
3439,-115.14783495478332
3440,81.86783002107404
3441,85.51663838786772
3442,79.78257194114849
3443,-100.76642680726945
3444,97.05004115806514
3445,-24.62070759020571
3446,84.04752809990896
3447,-135.37694964371622
3448,90.25840214255732
3449,79.34181501710555
3450,-112.42053006403148
3451,101.26684660939645
3452,89.22452665907622
3453,85.35163860209286
3454,-110.20223062470905
3455,101.99922190036159
3456,101.18770486931317
3457,-23.75373854596546
3458,87.22636616945965
3459,-104.41026383219287
3460,-18.0642344806256
3461,85.96055512927705
3462,91.02630048137507
3463,-111.03541995212436
3464,84.60512032348197
3465,94.19088449107949
3466,82.94780613505282
3467,101.3101881313778
3468,-101.63551823794842
3469,83.00828838249436
3470,81.15503488318063
3471,103.94119108654559
3472,-117.36532783461735
3473,95.68139284774952
3474,101.5645756968679
3475,80.08615854059462
3476,-122.79534836545645
3477,77.94598886033054
3478,79.65949346135312
3479,-122.57827102616739
3480,78.17749776132405
3481,100.60799095858238
3482,81.9562803953304
3483,92.66772606782615
3484,-100.9194704964757
3485,95.3072492586216
3486,92.385718501464
3487,83.08733792207204
3488,-118.52184204757214
3489,82.27948148280848
3490,102.54025623420603
3491,86.55555969831767
3492,82.13069732155418
3493,-100.92471879720688
3494,79.44083912853966
3495,88.6301317996622
3496,97.96108804827963
3497,-118.0645490949828
3498,83.33599552861415
3499,82.68376001965953
3500,98.56770768074784
3501,-112.95256546833843
3502,85.57045982626732
3503,97.58355155296158
3504,96.11136429558974
3505,95.6831179971341
3506,-108.3324935567216
3507,99.42929616110632
3508,92.41716013606128
3509,86.15445221649134
3510,96.03604035649914
3511,88.9529135604389
3512,-100.81270238757133
3513,-13.836493443737709
3514,87.14302367117489
3515,-122.17299542797991
3516,105.19465572491754
3517,87.399245322973
3518,86.26795248636336
3519,-112.66136052447837
3520,4.8186069974908605
3521,87.29109102045186
3522,99.66623588954099
3523,-113.6412059123395
3524,100.89216219477021
3525,8.748505834606476
3526,100.29236999666318
3527,97.48743331764126
3528,-112.30178029090166
3529,80.46715793275507
3530,10.533123079396319
3531,96.54731557841296
3532,-131.35355384275317
3533,89.21391248331929
3534,83.58361252618488
3535,-114.53158238189644
3536,90.12101942921436
3537,87.90285345190205
3538,97.55608172668144
3539,102.47988947988051
3540,-120.05101430218201
3541,84.50881205906626
3542,-0.7725089523009956
3543,-116.76030579220969
3544,103.09931818940095
3545,87.18613781302702
3546,81.97253088385332
3547,88.84840172843542
3548,-100.93856482207775
3549,-4.607753698939632
3550,97.05481195580796
3551,103.35564368171617
3552,97.71055220822745
3553,98.42041429877281
3554,-22.21652752935188
3555,-15.60842741309898
3556,-107.96585731580853
3557,-21.524759237102444
3558,102.20564771979116
3559,94.12336783320643
3560,-104.10001995084167
3561,95.58144749922212
3562,104.3356968946755
3563,100.67838653118815
3564,83.23703490873595
3565,-119.919599242392
3566,96.68642736693437
3567,86.05449438432697
3568,98.64658225391759
3569,91.20072601301945
3570,-133.47420613653958
3571,88.28336359167588
3572,9.146724744484345
3573,-120.61613688245416
3574,88.78882633260218
3575,104.67098061647266
3576,-18.76161302489345
3577,-109.51237072033109
3578,-24.700310817337595
3579,104.67330629564822
3580,88.70333921688143
3581,103.54885644174647
3582,-38.33597118034959
3583,99.95656982727814
3584,79.81203085090965
3585,-115.01054819987621
3586,104.40059735452394
3587,100.48832772884634
3588,-21.051534969592467
3589,93.87275148241315
3590,-116.1193529299926
3591,81.40302566387254
3592,99.70863176700368
3593,93.35887423262466
3594,-121.42685515401536
3595,77.50631497622817
3596,99.20287493358774
3597,94.14570019050734
3598,89.87430088757537
3599,-133.86960092635127
3600,87.44157996829017
3601,-15.305750478932168
3602,-125.91490766778588
3603,89.13812243239954
3604,-26.53110679856036
3605,-139.5849489858374
3606,84.70021830056794
3607,94.92783675156534
3608,-117.42604015767574
3609,-5.191831987991463
3610,96.69402507657651
3611,99.44946604629513
3612,-36.12990443917806
3613,105.88972699642181
3614,100.89878465712536
3615,13.93176250567194
3616,-21.836030716222012
3617,-33.23742485744879
3618,-33.62738842261024
3619,-21.103804736805614
3620,-35.48157265968621
3621,-35.71949654072523
3622,101.03847916948143
3623,-14.589179954229621
3624,-34.859013479202986
3625,-14.893185772030847
3626,114.05559894838734
3627,99.68413748237072
3628,-36.14971828088164
3629,-35.538576919585466
3630,-98.11521360184997
3631,-28.505578215466812
3632,91.73139465216082
3633,-35.73694622190669
3634,-34.39382380992174
3635,-18.923665565700503
3636,-22.102379603049485
3637,84.38135483604856
3638,98.5234427928226
3639,-117.35985796712339
3640,100.52627311408287
3641,86.26638008074951
3642,97.10362792667001
3643,-120.47042495892674
3644,-16.939693161140895
3645,99.77709593035979
3646,100.2110414678391
3647,-41.4988635975169
3648,102.46583093999652
3649,-20.374017892507254
3650,102.39494854770601
3651,-125.16970138554461
3652,97.00218357995618
3653,11.212666711377096
3654,104.92870377004147
3655,95.6790462659119
3656,-134.51679767109454
3657,102.73113518976606
3658,-4.595292537720525
3659,-107.5132206294511
3660,83.99145824668813
3661,8.17606200645605
3662,101.95532557967817
3663,-119.68010413995944
3664,85.64345247112215
3665,89.04565578122856
3666,-126.34096012193186
3667,105.05057107662651
3668,-18.98968500283081
3669,92.53039678395726
3670,-34.708947160397656
3671,93.54274473268015
3672,79.95491422759369
3673,-129.28977885399945
3674,93.13515267823823
3675,81.69593362754676
3676,104.0624700654298
3677,-125.30871715862304
3678,78.68120797253505
3679,14.606903208958101
3680,-130.63489899691194
3681,-17.69458860337727
3682,94.8142773117288
3683,101.97322582575725
3684,-130.6732486821711
3685,89.66233391361311
3686,96.70686556472356
3687,94.69596920278855
3688,96.44427512725815
3689,-134.85279125720263
3690,102.51191795943305
3691,87.50883083983354
3692,-124.7494469715457
3693,100.65692401415436
3694,82.92662773048505
3695,88.10949003044516
3696,-123.2014028262347
3697,93.47226661258901
3698,86.04840031612548
3699,80.85091636594734
3700,-130.12252995581366
3701,105.34842200949788
3702,88.54711867858714
3703,19.65037835109615
3704,-137.83386788517237
3705,104.15396457351744
3706,96.65502214679145
3707,88.0843093855924
3708,-116.69265554845333
3709,82.61262317569344
3710,-16.23443566716014
3711,-126.09220307413489
3712,92.62396647223795
3713,88.42510093149758
3714,96.13183376772213
3715,-111.1545441885246
3716,85.94752701904144
3717,84.80586477273027
3718,87.12087405088823
3719,99.41907458251808
3720,-137.06037512421608
3721,89.42151898541488
3722,95.15272015237133
3723,-112.0824974339339
3724,77.05484037118731
3725,101.42873216135195
3726,103.49461526464438
3727,89.16065191815142
3728,-118.6335956454277
3729,88.62347341707209
3730,104.65334839798743
3731,-18.304887978345505
3732,-130.9610088095069
3733,78.97248727803526
3734,91.85077372944215
3735,-42.59074268117547
3736,93.42203132568102
3737,107.72623129934072
3738,-26.364383196574636
3739,-44.88370265066624
3740,82.97022833832307
3741,89.94684507057536
3742,-41.810157511383295
3743,85.7646844201372
3744,93.30296778690536
3745,101.54474840604234
3746,104.44905727729201
3747,-137.5926340520382
3748,103.3938283212483
3749,82.9574009591015
3750,103.30707807399449
3751,-113.45158769655973
3752,94.88804553418186
3753,79.92972925957292
3754,95.12497040774906
3755,-119.37813633098267
3756,85.83245733342483
3757,101.62187480874127
3758,91.79080601796159
3759,104.06494067097083
3760,-132.7895177192986
3761,103.35797036674194
3762,84.91305666250992
3763,-7.505722466988118
3764,-141.97303483635187
3765,86.53639899310656
3766,101.19717247529479
3767,90.28526035073446
3768,-139.6011852324009
3769,88.63080218584219
3770,87.23478605179116
3771,-119.79744312353432
3772,106.06255977321416
3773,82.6619836864993
3774,96.31999543274287
3775,100.13171817880357
3776,92.61148770528962
3777,-138.0013888925314
3778,92.63716944681073
3779,99.24312286661007
3780,95.2997717470862
3781,-110.42086777642544
3782,96.81862017343519
3783,92.86751384657691
3784,85.88853383716196
3785,84.65399019158212
3786,-136.96083073318005
3787,84.23822135291994
3788,84.16015180072282
3789,-112.53862899169326
3790,104.13348510116339
3791,98.43060479889027
3792,101.98002155523864
3793,84.02938685263507
3794,-118.64214895950863
3795,78.38018714724603
3796,101.22202610445675
3797,87.11490874493029
3798,-103.96254801843315
3799,93.57169167671964
3800,86.72581113618799
3801,89.07998827897245
3802,-127.65805638954043
3803,99.45914440939669
3804,-20.144748842169065
3805,99.16305592356366
3806,-125.04144703404745
3807,100.05432806904719
3808,104.34957170765847
3809,84.54934407700785
3810,102.3956560100778
3811,-134.6971588730812
3812,14.99988262844272
3813,89.08768564528145
3814,-134.66785214841366
3815,3.5595574451435823
3816,101.33205831704618
3817,-133.41795249469578
3818,-5.35767798445886
3819,90.7371889015485
3820,-119.91694309469312
3821,91.45936514914501
3822,87.06406241905643
3823,80.65202535969274
3824,-120.23272584658116
3825,-31.616299035958946
3826,-28.078163521247916
3827,-37.999420054256916
3828,79.74632390806437
3829,84.01387132960372
3830,-139.30432970589027
3831,93.3410112092024
3832,101.10996798676206
3833,98.90472339026746
3834,89.65972068835981
3835,-135.94763806497212
3836,90.28481938767072
3837,-22.274374014144996
3838,-132.38848119601607
3839,-14.00220885683666
3840,94.86249002095428
3841,102.89224601443857
3842,-140.92093420401216
3843,99.74612915176476
3844,86.96117378526833
3845,96.75422063004225
3846,-43.32508847117424
3847,102.88896295800805
3848,90.9089082860446
3849,-105.07639261288568
3850,-0.4652918298379518
3851,-5.540211442310465
3852,-86.85319187649293
3853,-19.44710492474678
3854,86.17504628951428
3855,83.52368874585954
3856,-134.7272753387224
3857,85.82517855928745
3858,85.88862941070693
3859,-115.00598831474781
3860,100.77271870235563
3861,83.95775346690789
3862,76.79275078346836
3863,-119.62920641497476
3864,86.77621068549342
3865,97.07641308417078
3866,102.38352571206633
3867,100.73266399122076
3868,-121.20196284819394
3869,83.17704710945691
3870,85.16614895599196
3871,-117.18155780626694
3872,82.86117699135139
3873,82.78577013632639
3874,-120.6802754876262
3875,105.340222267434
3876,86.91488798634964
3877,86.921748403518
3878,-114.32048389717238
3879,86.30775143147912
3880,88.61811799113639
3881,96.34703138135956
3882,97.57274391531246
3883,-111.487030343269
3884,101.06515817629406
3885,88.5126747815957
3886,-16.479351922378555
3887,-115.29940592963248
3888,-23.901393147563795
3889,94.63077871012501
3890,85.77552326733712
3891,-137.7980169071816
3892,104.57795205595903
3893,84.62453995397664
3894,-112.37443217914551
3895,92.01674676427501
3896,86.18623325799126
3897,90.04109170337324
3898,87.11918672372121
3899,-116.37795537337661
3900,104.20146912171185
3901,80.33141908532707
3902,97.84747340030299
3903,-138.18958317488432
3904,83.1680321014137
3905,87.56091433315305
3906,99.80374160141218
3907,-18.478666789422277
3908,86.03884097811533
3909,-125.5421267747879
3910,-18.519591622403823
3911,-2.3072199726011604
3912,94.70390373031842
3913,-154.57254296541214
3914,-20.96346970263403
3915,89.56011706939898
3916,-158.4524821266532
3917,81.85533366535674
3918,83.84578269411577
3919,-253.82968919537961
3920,93.39336615393404
3921,101.23151628411142
3922,90.60588584569632
3923,-150.58891873527318
3924,86.57804884284269
3925,92.54865843348671
3926,102.05000143375946
3927,-154.00111437935266
3928,-7.437767210847596
3929,84.31556089295191
3930,97.39038714208436
3931,-18.697032069670968
3932,87.02251629358216
3933,93.98355531608468
3934,-141.64642241742695
3935,99.78308648701795
3936,101.26760425086832
3937,83.16005881305318
3938,-33.886236977763474
3939,97.99229348963127
3940,91.53222302878567
3941,101.63323317967297
3942,88.06502656883094
3943,-43.0016916655004
3944,-22.903330339642707
3945,87.08327716265921
3946,-153.7802855372429
3947,-15.59548743510095
3948,-148.64376788010122
3949,-27.22232295775484
3950,104.59824120954727
3951,-119.2024610696244
3952,102.08267676006653
3953,-18.276844549312955
3954,85.96755706705153
3955,-69.23203727602959
3956,90.98217507917434
3957,100.36118123702909
3958,84.1903156710323
3959,-240.5056981742382
3960,78.56462819792796
3961,-123.45668699374983
3962,86.35177554067923
3963,-26.237654573080363
3964,83.50617390015395
3965,-149.22618469968438
3966,85.1183259433601
3967,79.5487164498627
3968,102.64697437314317
3969,-140.89059404470026
3970,91.38459161180072
3971,78.63233485049568
3972,-147.74152229056926
3973,98.78419665031834
3974,95.56168800208252
3975,92.93287970294477
3976,98.18660035351058
3977,-41.42071420417051
3978,82.56052318331786
3979,95.09701458201744
3980,96.28810012398753
3981,-56.14218745753169
3982,97.60938656580402
3983,82.76695385357016
3984,-143.90447176713496
3985,84.42389477067627
3986,89.6071296443697
3987,85.79163866623276
3988,96.88164272948052
3989,86.32520759094041
3990,94.77547410706757
3991,80.50241718190955
3992,105.04022398591042
3993,85.6099903489503
3994,104.28208778536646
3995,99.45757538219914
3996,103.28060163883492
3997,105.15009930566885
3998,-115.55534280370921
3999,98.71387589437654
4000,90.8426228465978
4001,90.7801021168707
4002,103.91050626360811
4003,91.67268384809722
4004,-209.50494424253702
4005,-8.212713104076101
4006,84.76739216309943
4007,-51.06533522158861
4008,93.23851222079247
4009,81.39382586533611
4010,-334.62951773777604
4011,-18.618724152445793
4012,-121.61493348272052
4013,92.99482861088472
4014,14.407324737054296
4015,86.92774295184063
4016,-142.00999063253403
4017,4.93987695130636
4018,83.4710572437616
4019,-146.9354146484984
4020,104.56185839721002
4021,84.04572170146275
4022,100.04150877038774
4023,89.11380028084386
4024,-136.77879330515862
4025,76.45618891511913
4026,83.1067422903725
4027,85.61453608551528
4028,-193.69705724716187
4029,95.3021878360014
4030,82.63592489928124
4031,-141.32129298790824
4032,-20.03588869154555
4033,99.3255055595364
4034,-128.2407887853651
4035,108.85644027404487
4036,89.25397402513772
4037,78.05041364983481
4038,103.53663840133231
4039,-37.5726126920199
4040,82.32567436236423
4041,82.46456168580335
4042,-154.90854813158512
4043,-18.102177701308392
4044,80.71999903820688
4045,-149.59391424059868
4046,95.14439982600743
4047,102.6418651988206
4048,79.24779810011387
4049,-187.17683561891317
4050,85.83505965894437
4051,-117.3280919490935
4052,103.76466401788639
4053,77.57704778888728
4054,82.09260723687476
4055,-124.73439987213351
4056,76.902663097615
4057,85.82651542825624
4058,-179.6292620379245
4059,94.37431294462294
4060,89.2173916931788
4061,86.22745472437236
4062,91.89655396458693
4063,-155.61333307623863
4064,105.0836472408846
4065,101.67398413701449
4066,103.72181498233113
4067,101.34354733722284
4068,-43.12175080925226
4069,-13.627117002179148
4070,-30.480644292925717
4071,104.2372643169947
4072,94.38489527624915
4073,97.75257327400323
4074,92.82957966194954
4075,-47.03778353333473
4076,90.80132683604097
4077,-19.785497132514138
4078,96.09366880252492
4079,79.49621939841018
4080,87.50856365711661
4081,-42.345005724579096
4082,82.60307308041956
4083,105.9488522298634
4084,-38.85802688682452
4085,101.59264788235305
4086,77.6159196725057
4087,101.74435486056609
4088,-35.98619189020246
4089,-21.530443999741692
4090,92.45467473831377
4091,106.7107158806175
4092,-47.002221912145615
4093,92.13842283125268
4094,98.57729337026831
4095,-39.66793539747596
4096,97.62012793096073
4097,105.25272554556705
4098,-17.252707370207645
4099,77.2446252948721
4100,93.3941705475736
4101,-34.748350826557726
4102,-23.6121907918714
4103,77.48211029275262
4104,-38.25066127628088
4105,79.88298697993378
4106,104.37777537431975
4107,-33.36668721775641
4108,-26.349644405883737
4109,-19.814484813134186
4110,-44.38367025926709
4111,-30.721145552568487
4112,-15.595733216498047
4113,86.60222779744072
4114,100.93780965132464
4115,101.11026331613539
4116,-28.668126377626322
4117,107.68309530802071
4118,83.77546025252741
4119,-28.114416169933975
4120,88.95600199128967
4121,-28.937495778733137
4122,-23.61985980537429
4123,94.963369823643
4124,-27.837190835736692
4125,104.62071857508272
4126,-42.892611714079976
4127,100.8801600803854
4128,-22.79536739375908
4129,-34.08100835036021
4130,97.92899132880848
4131,90.17304390796926
4132,-33.63031892781146
4133,-16.93889562773984
4134,107.64645142946392
4135,105.83602248586249
4136,-18.640393143694382
4137,92.96128455150028
4138,-23.45362466725055
4139,-38.8517799526453
4140,84.75105416961014
4141,-16.839271513163112
4142,78.97745354037033
4143,97.86525370142772
4144,-18.973539643317054
4145,97.12157133739674
4146,77.5304730036587
4147,107.64767777174711
4148,-25.525458577169047
4149,-19.726052497862838
4150,100.0630015177885
4151,-30.268194773758296
4152,98.43013646674808
4153,-26.20040757145034
4154,-39.01524374060136
4155,93.2205574332329
4156,102.61433903774014
4157,-22.72738775916514
4158,-40.51418913900852
4159,77.9179421030567
4160,103.83597128443944
4161,-46.57993609830737
4162,85.36572294351208
4163,105.60683167190291
4164,99.37560369825223
4165,-34.22084069435368
4166,102.7139843210025
4167,103.79874365788419
4168,86.28096297569573
4169,-41.4881797991693
4170,88.12565193115734
4171,-31.61856235882442
4172,93.59940955799539
4173,90.37312104884768
4174,85.14553394936956
4175,-28.780197555490304
4176,-25.487052072188817
4177,83.58757930796128
4178,-37.835003070533276
4179,99.82111386219913
4180,103.3429430743563
4181,-37.56625588797033
4182,101.92012609529775
4183,-26.865543182124384
4184,-24.662194118456682
4185,88.44790126153384
4186,86.4162826729007
4187,-26.5907890820381
4188,-22.706463889422594
4189,80.16910713849938
4190,-45.82740260288119
4191,82.9276404074044
4192,79.41602051118389
4193,-44.07793539762497
4194,-24.81236154443468
4195,-20.02843646054498
4196,85.96782670413813
4197,88.53706519812113
4198,106.87036503665149
4199,105.50650234095338
4200,-45.80938237160444
4201,89.23272980314869
4202,78.38918672397267
4203,-228.95677082240582
4204,97.47815186309163
4205,81.27661175290996
4206,99.94580252934247
4207,-138.47884624337894
4208,82.07197259069653
4209,94.597354966696
4210,82.02248420892283
4211,103.7539703918028
4212,-161.08321729302406
4213,83.18053507991135
4214,80.07498159102397
4215,-149.70773032307625
4216,94.80555386282504
4217,82.39120291173458
4218,-147.57769053033553
4219,77.32587528575095
4220,81.11229879781604
4221,-195.83665771665983
4222,78.10832568438491
4223,101.66448260267498
4224,82.20625299029052
4225,-43.13173582777381
4226,80.39067588478792
4227,103.58245135990728
4228,-149.98640941490885
4229,85.42037089971745
4230,95.6708830021671
4231,79.16656210590736
4232,-161.08845083415508
4233,90.35128254815936
4234,98.13806640834082
4235,-185.48273347248323
4236,76.07159788065474
4237,82.03122181011713
4238,101.40195920015685
4239,-146.79557793599088
4240,80.76438071537996
4241,83.13159820629517
4242,-223.2044996395707
4243,90.64132926944876
4244,86.94749987538671
4245,-139.09144854382612
4246,100.28970163082704
4247,90.53145246679196
4248,102.53809274942614
4249,101.78209275612608
4250,92.57410538375552
4251,-117.89950664807111
4252,78.08033543445345
4253,81.69991871120874
4254,83.11159563687397
4255,-155.87300407141447
4256,84.13915493222885
4257,102.82718846408534
4258,-149.7410991652141
4259,100.08439586699751
4260,86.53143295249902
4261,93.21329096589034
4262,-141.65984946710523
4263,92.99832074082224
4264,84.22742984097931
4265,85.03288766174228
4266,-128.58975625169114
4267,103.95080730505288
4268,81.85296664990892
4269,87.50749654293759
4270,97.3772980721551
4271,-272.2125803132876
4272,100.89034939843987
4273,102.32990156571032
4274,81.60436379670864
4275,-58.02624183543958
4276,81.26730047893943
4277,83.76975153390958
4278,-144.74976536328904
4279,98.2050567457336
4280,84.10758631228236
4281,100.38307360373256
4282,-143.9339787347708
4283,76.15627287069219
4284,77.72055967969936
4285,103.17184263895615
4286,-164.13122326172015
4287,82.85441178706242
4288,87.88553825573035
4289,-143.10172720998526
4290,92.55931764701381
4291,80.67864155533607
4292,-180.09751685734955
4293,104.95747867971659
4294,83.31958703242708
4295,94.15144879359286
4296,95.51666828768793
4297,-52.58151074198395
4298,82.09378576767631
4299,85.31870249706117
4300,-148.77589139877819
4301,78.62619594461285
4302,87.7925655953295
4303,90.08837159138056
4304,-44.51761209592223
4305,91.31161878446437
4306,90.05886608219589
4307,-137.96716400550213
4308,81.61209655184939
4309,88.89038902134052
4310,80.41277084132889
4311,-258.9905801396817
4312,103.6141067360004
4313,86.20125480182469
4314,98.37023470958229
4315,-72.87426035990939
4316,99.83487955306191
4317,85.83754252994936
4318,86.27752934396267
4319,-285.5985742136836
4320,79.1168994026375
4321,87.82403817801969
4322,-62.48831567110028
4323,83.65836796775693
4324,94.90453486626211
4325,88.56399978027912
4326,-312.40097911655903
4327,93.63748149218736
4328,101.06762242611148
4329,84.8168875479023
4330,-153.1270262291655
4331,76.38942987925839
4332,86.644331198273
4333,-152.66238309442997
4334,77.42944316245848
4335,-115.69334172515664
4336,92.58817893308515
4337,93.7725147861347
4338,97.92952121281996
4339,77.98258752922993
4340,-203.393525910913
4341,72.85018468194176
4342,87.50180686900421
4343,102.71628194639925
4344,-127.62544577941298
4345,79.31418173495331
4346,88.61363315915514
4347,-276.8162454839294
4348,77.48931035841815
4349,81.86167096084682
4350,-194.48922527581453
4351,105.81377361342311
4352,96.13196721811255
4353,100.81552347901743
4354,-36.616422010352835
4355,-22.97943404255784
4356,94.26448349247948
4357,-33.7622693128651
4358,84.00678021492786
4359,79.92469580494799
4360,-66.15506225265563
4361,84.70981691985799
4362,105.62593665160239
4363,88.38439351748093
4364,-210.62378842255566
4365,102.84120099281427
4366,80.61358581960667
4367,87.51488656626316
4368,-211.33166561997496
4369,101.96403091493994
4370,92.58799383486621
4371,-5.974406701861881
4372,-158.33422280102968
4373,95.06335666662198
4374,-38.36376850219676
4375,-21.96250869781943
4376,87.07150399917737
4377,-129.42377492808737
4378,85.69597297001746
4379,89.5645141149871
4380,84.99299918394536
4381,-144.03303752354986
4382,89.58557693409966
4383,77.98233802236291
4384,-118.66837784370728
4385,86.21800324658398
4386,-19.663738736140658
4387,87.04562760272529
4388,-219.39412377600092
4389,96.08393216750119
4390,78.74756180882105
4391,-49.62801367137581
4392,93.76913725369377
4393,78.95953561341594
4394,92.77537547965767
4395,-41.43794494062604
4396,99.43377313120618
4397,101.78331325647014
4398,-50.276393465610454
4399,84.89228387715411
4400,86.89861934009241
4401,-124.90523004642091
4402,81.84165192392538
4403,82.2601986102527
4404,86.73711330199149
4405,-155.7837704269914
4406,90.67298285271681
4407,83.07971977363923
4408,-140.56863222352695
4409,94.48575861181598
4410,79.00349055667175
4411,-24.46803507024015
4412,-1.9489296456449665
4413,96.69212295336183
4414,88.02079089211475
4415,-150.53122677165084
4416,79.83054130431265
4417,87.94895140477456
4418,85.87116863153642
4419,-187.36814872175455
4420,99.24208500919485
4421,96.31272610357428
4422,-105.59486468543764
4423,89.16889363550581
4424,104.82278224184483
4425,84.21346461307257
4426,-89.9309486868151
4427,88.64449874762795
4428,-22.418427081327536
4429,104.30325903836638
4430,-175.56610019644722
4431,86.70242751511978
4432,-11.938847866666038
4433,108.09547299897531
4434,-179.33284501708113
4435,104.4693060866557
4436,80.84930051072297
4437,-122.90399837074801
4438,88.6493369898526
4439,87.08993163984269
4440,81.67394685017643
4441,-153.1915486464277
4442,9.866744222701527
4443,97.15458026027773
4444,-151.3946461980231
4445,83.27902189616725
4446,84.6626236771699
4447,100.44548152794596
4448,80.47472786018625
4449,84.82207566988654
4450,-111.29878962694784
4451,98.93436013447354
4452,-17.35841920612438
4453,100.51197574687103
4454,-159.58357025147416
4455,83.4154895102256
4456,90.55909722123761
4457,79.27844805673521
4458,-97.04412802308798
4459,80.89731640712125
4460,-138.08078674250282
4461,81.4507538502221
4462,102.51450836361619
4463,-14.322645194304641
4464,-154.6485538482666
4465,82.70841152916546
4466,-28.24559819539718
4467,-246.16545774042606
4468,98.50231172150234
4469,76.32194513082504
4470,-46.17800466599874
4471,81.86780888550857
4472,86.32955705618951
4473,-100.58131474221591
4474,92.9166491025826
4475,99.15126408867945
4476,89.63421291666236
4477,-195.76098504755646
4478,82.60224543164804
4479,78.40568575717043
4480,-340.1401617862284
4481,85.82645852593123
4482,85.65029123000568
4483,-187.9516964070499
4484,103.40177363203838
4485,82.76887233857997
4486,94.1582094965488
4487,-123.53332203021273
4488,105.262780694291
4489,94.4386325487867
4490,97.53177399672859
4491,104.16725446470082
4492,82.37755218111852
4493,-327.9734993753955
4494,96.29947492002975
4495,83.57501152850455
4496,-163.1610652313102
4497,86.73079530571704
4498,77.1846114990476
4499,93.89321580179967
4500,-304.20973501354456
4501,100.61772081709933
4502,81.28730982192792
4503,92.6148246350931
4504,-274.4029102458153
4505,93.58335228415672
4506,80.30073706520488
4507,88.48702797357691
4508,-159.49996969103813
4509,97.97423393849749
4510,95.06765201306553
4511,-129.78758855792694
4512,87.09787046397105
4513,93.50493938132422
4514,102.50125229178047
4515,100.08264387003146
4516,96.41761807405419
4517,-322.37695640919264
4518,95.22919642215129
4519,99.97061924054287
4520,94.4867325159139
4521,102.68821036041481
4522,-145.9328610766097
4523,-9.111477435872075
4524,80.95830383908469
4525,-185.77806528285146
4526,89.08415044553112
4527,90.73087311326526
4528,103.89836830912827
4529,-139.69276356697083
4530,93.1588905879762
4531,102.60933447483694
4532,97.92019299044478
4533,101.94750855441089
4534,-172.85439072689041
4535,104.98509967408609
4536,83.25875180691946
4537,85.88834658124688
4538,100.33162963483846
4539,-308.51891011279076
4540,-25.688793256013014
4541,92.03733715401358
4542,-144.9320688822263
4543,96.7857258138647
4544,88.56503181438893
4545,102.63580223667668
4546,96.94180522416718
4547,99.96091465651989
4548,103.67308503948152
4549,93.07642146936996
4550,90.64556417264976
4551,104.23495160602033
4552,84.72106183378492
4553,-207.37065043568145
4554,101.41374299881863
4555,91.18079865220352
4556,-256.3795674415305
4557,85.82813275294029
4558,84.2985680327838
4559,-56.994242228684016
4560,102.47047210216988
4561,105.40071723403526
4562,103.01918991003186
4563,93.90476431243587
4564,89.9428358109435
4565,-300.86762215197086
4566,89.43599736574106
4567,80.64492505909584
4568,-84.48846237990074
4569,98.81066921266029
4570,100.86348434153479
4571,93.79928615986137
4572,103.97938465932384
4573,-63.26020044460893
4574,-21.454442365349678
4575,94.63609206752153
4576,-38.337003126740456
4577,99.28260142687941
4578,-20.210649172586272
4579,-59.823760610073805
4580,100.76804521607119
4581,90.94752202660311
4582,-44.2172752488259
4583,100.23253400553949
4584,91.07850095338654
4585,103.01231615788129
4586,85.05554782884428
4587,-153.25281808525324
4588,90.86049569922034
4589,85.3523134693678
4590,89.65317259024596
4591,82.9840623572818
4592,-258.00795839726925
4593,102.36344626022037
4594,82.33284081507736
4595,82.74358107312582
4596,-99.22030998740229
4597,103.34554225450847
4598,98.26239680038998
4599,99.67292340158019
4600,82.70967093261424
4601,83.69891598442337
4602,-166.12542582303286
4603,98.077428458957
4604,79.4928758716269
4605,87.30417761905119
4606,-146.7434724867344
4607,93.63829040864948
4608,99.19348976116453
4609,81.15780599287245
4610,-152.83065325021744
4611,101.16926224036433
4612,83.69327910768334
4613,99.23463115657796
4614,-188.83186808647588
4615,79.0272264656378
4616,-26.867181345520294
4617,-192.99320232123137
4618,97.62771785745281
4619,82.43340203212574
4620,-268.5604799822904
4621,76.90129889806849
4622,87.6438122147174
4623,-272.9672512987163
4624,82.36794322205242
4625,85.96264930197503
4626,-115.86222564490163
4627,91.9133707837318
4628,80.4127015506383
4629,81.55990558717167
4630,-100.49825209053233
4631,96.71135107980808
4632,88.55942983190471
4633,97.7012277469621
4634,-162.3509024095256
4635,104.03910063527292
4636,78.72717458417173
4637,85.65275617039879
4638,-166.02470191649627
4639,82.07731911278097
4640,89.49447731697
4641,84.68093051353935
4642,-205.57731733471155
4643,84.01586287279497
4644,103.00488095608307
4645,102.35870368906762
4646,-226.85620678548003
4647,79.52551893825876
4648,77.9138831339078
4649,-307.96697387844324
4650,88.01008839510905
4651,80.97778833869961
4652,-31.62618545186706
4653,96.22202625116915
4654,80.33158374945197
4655,102.99283209815621
4656,-263.21633802354336
4657,79.56399867415894
4658,92.20118730131071
4659,-203.44363411900122
4660,85.44262927150703
4661,82.91830166586442
4662,96.0370769847068
4663,-161.76171446591616
4664,99.67032962670783
4665,106.56955445557833
4666,90.2904609196703
4667,-145.03153226105496
4668,80.2136067932006
4669,76.82868298023823
4670,98.32480769136964
4671,-204.64714106544852
4672,100.01556889398489
4673,82.69893513989518
4674,101.54538287083233
4675,-160.6413422524929
4676,105.02648028871045
4677,98.52525952423457
4678,80.01078956550919
4679,102.90389764774591
4680,-190.79757548309863
4681,77.829172008147
4682,77.98694008056191
4683,-140.97859759739367
4684,91.203359207022
4685,86.36852809924312
4686,87.69727979192976
4687,-214.19780383078614
4688,102.4113773455465
4689,95.4373463296215
4690,80.60510688065551
4691,-172.07727798935957
4692,82.49540337191138
4693,100.82279726609704
4694,95.93059078311853
4695,96.7081824511697
4696,-259.59683000668883
4697,83.30618652509293
4698,80.2122160488725
4699,-239.42842806712724
4700,101.99054125195835
4701,93.96071348671103
4702,92.9111579621167
4703,-146.21667977795005
4704,100.52173649626639
4705,88.0185138033703
4706,92.88153666234575
4707,83.00458802992944
4708,-168.41320774145424
4709,92.36461610053084
4710,88.41681970917853
4711,101.38044204405742
4712,-147.91015985049307
4713,89.30994159984402
4714,90.47715135651015
4715,94.08598827093374
4716,-254.08011567033827
4717,103.16265676752664
4718,93.7462473489577
4719,86.68317447195295
4720,-229.3173329255078
4721,78.66449071431998
4722,82.20341646310408
4723,-78.36161531455582
4724,-14.30083451954306
4725,-32.86375983245671
4726,-43.672190092504025
4727,-27.5637743146508
4728,-27.84142706473358
4729,108.02024840377271
4730,108.93794073247409
4731,101.62529009833816
4732,-18.94565791648347
4733,-29.137212882982567
4734,81.01537835644558
4735,-55.56359975785017
4736,93.10495624451505
4737,-29.90325598558411
4738,-36.783170751761645
4739,92.36070360231679
4740,95.16613248221984
4741,-30.854896061122417
4742,103.66166749913828
4743,-34.93782033212483
4744,-40.86950974166393
4745,90.7912578338728
4746,89.50697594019584
4747,-39.095886923372746
4748,-34.29182989674155
4749,-32.80262375250459
4750,-17.258095465895167
4751,103.70738176574196
4752,-38.1936692930758
4753,88.76540058942919
4754,100.6921225129081
4755,-37.566675348207355
4756,-33.59365806099959
4757,106.01915801526047
4758,-37.45959340792615
4759,-20.739181121694855
4760,-21.65245304405107
4761,-22.41200039710384
4762,79.47176249243785
4763,-179.74048753129318
4764,105.97480561956763
4765,79.08285050315317
4766,92.72787985049945
4767,94.46949162182864
4768,-195.95121091231704
4769,99.12820291676326
4770,79.26050657953601
4771,80.93200603898731
4772,-204.11476695537567
4773,103.98620737344027
4774,81.785480899096
4775,-126.25253866426647
4776,86.73097744233382
4777,88.81323278651689
4778,80.10616054781713
4779,-188.93871285425848
4780,87.731490047634
4781,101.05583777251013
4782,82.90209438768215
4783,99.59200917760609
4784,-211.45571584627032
4785,100.447561163106
4786,83.93159232393373
4787,89.3905413239263
4788,-149.78605767711997
4789,100.90153561634361
4790,87.26383069240364
4791,81.52280452774721
4792,-89.90933252871037
4793,80.0698609786341
4794,91.23466472493601
4795,-196.4768230910995
4796,80.87018645912758
4797,-17.561400119040627
4798,-160.11016602441669
4799,77.09126737515908
4800,104.02467285096645
4801,-84.89170041622128
4802,82.36594927296392
4803,79.30465038429247
4804,-284.0119891432114
4805,80.21983023984649
4806,87.83989554258005
4807,95.47733813061495
4808,-96.36026423424482
4809,83.43440183799248
4810,94.9752421717858
4811,-147.26348877252894
4812,91.88476584677119
4813,82.20383179141209
4814,88.57412020523043
4815,-306.00876274704933
4816,90.39385817064613
4817,81.43973260949133
4818,-173.66431631916203
4819,87.6940918203909
4820,98.34339878011087
4821,84.00456495692924
4822,-211.9655243390298
4823,104.54850837483536
4824,102.28119784679438
4825,84.7443081268575
4826,101.55509650954627
4827,104.87417137791635
4828,-142.2230965262861
4829,94.1742097568931
4830,84.44516050000675
4831,95.72901946405182
4832,104.91642990335822
4833,91.58073440147564
4834,-157.70277930051088
4835,91.4755307281157
4836,101.24446800193982
4837,85.29484576339019
4838,-308.0334360450506
4839,83.34842311027751
4840,81.00704875180963
4841,-111.31299805268645
4842,101.15559951622708
4843,75.54927732268698
4844,-157.1204041093588
4845,84.92798098598723
4846,80.5524832009105
4847,-142.77285865379963
4848,81.73124727618415
4849,84.75828610238386
4850,79.88822062722465
4851,-41.32924583175918
4852,83.26729174738284
4853,81.55089604668319
4854,-143.89000956167
4855,81.72176800109446
4856,101.60658327909186
4857,-34.56865220377222
4858,89.19555952473456
4859,100.10130727179057
4860,105.39588623534655
4861,-39.664581932127476
4862,103.28090619127033
4863,-28.821236822754145
4864,-47.59058416262269
4865,-31.806647120742127
4866,-45.62945531011792
4867,97.62224879556015
4868,84.77737684780732
4869,-27.417832059261855
4870,76.99641315406188
4871,93.66971335024573
4872,-28.891400389024056
4873,-33.08508429164067
4874,-33.29757340988726
4875,101.1336219124496
4876,102.06514619079826
4877,-35.44584530312568
4878,-10.943034996103961
4879,-34.69079253822565
4880,83.13917473691981
4881,-187.9294979815313
4882,80.32003457312749
4883,27.097538810776314
4884,-34.07165939680999
4885,-29.248781636240892
4886,98.1490636159433
4887,-20.300864010627265
4888,-32.59368146583438
4889,-39.50959429517388
4890,111.20339740260533
4891,-35.88925730064511
4892,-34.62929084151983
4893,75.89815883978736
4894,97.06992949754931
4895,-48.22436415066477
4896,79.4746451601386
4897,-31.5259960986441
4898,-35.945646699517965
4899,91.75376989523647
4900,84.72017945977859
4901,-312.13346226874273
4902,96.11160073618521
4903,97.37654050020501
4904,95.02603599987924
4905,103.94318071193993
4906,-277.1645623985678
4907,82.04620457528108
4908,102.33248037556768
4909,80.04933035449358
4910,80.87517657011631
4911,-173.99390162096824
4912,81.0794194038026
4913,80.06305535219144
4914,82.39925877994392
4915,-191.2363981679082
4916,88.84654983936343
4917,98.71371403457306
4918,102.39111091464292
4919,-38.3825535941869
4920,94.70299365126994
4921,79.87026180967223
4922,-190.16716606810223
4923,77.19618491423898
4924,93.42959856020752
4925,-167.40446197471465
4926,-16.739846694254084
4927,81.05526779493084
4928,93.26813114632387
4929,-339.8731741271913
4930,86.33644971542526
4931,104.7110282817448
4932,103.47751619224437
4933,-120.66797347553074
4934,89.29794846927689
4935,9.986136750900187
4936,-240.79932398349047
4937,76.47868822340388
4938,104.05740251392126
4939,-238.45804525824497
4940,86.09767464007018
4941,101.43197735882131
4942,86.33358505298384
4943,96.72596363606863
4944,-194.10607398301363
4945,84.28847798594506
4946,86.59119495807681
4947,-272.59787559788674
4948,78.47654445830267
4949,81.79051095248724
4950,-128.99985614605248
4951,85.3460907554836
4952,-16.5261464677169
4953,98.8704075962305
4954,92.23660133895464
4955,92.05196381750284
4956,-15.95818417778355
4957,-367.6623329722788
4958,86.16047040504054
4959,85.03351958832354
4960,92.81782722775824
4961,-376.5562872737646
4962,86.54049427149585
4963,102.37312206166825
4964,85.59220166910382
4965,-314.63522161729634
4966,93.05654192937072
4967,84.13575728132855
4968,-199.6708110140171
4969,80.15122108077048
4970,97.60420792095829
4971,100.19235759967705
4972,-195.59959961113054
4973,-16.824465109515586
4974,88.72230985044735
4975,-198.01591392373666
4976,84.6460254904814
4977,84.75620343291666
4978,-222.77247043175157
4979,84.65575758555497
4980,92.45748226537398
4981,82.870565672667
4982,-222.55026126361918
4983,77.85655749571742
4984,86.76558642197051
4985,-422.8745728203794
4986,94.41745187947527
4987,85.19789881788893
4988,-219.30994856340112
4989,81.73540622112341
4990,104.12125046178699
4991,93.62402542415657
4992,79.29588458860235
4993,-345.8613069318235
4994,84.36467966833152
4995,98.14221255265875
4996,-44.803033453878015
4997,80.0507196305989
4998,85.881510014995
4999,-23.89029941605986
5000,101.05349089478841
5001,99.62026178407541
5002,89.38839325339359
5003,-58.29641379415989
5004,85.22431630286155
5005,94.4995973171608
5006,-54.15453443536535
5007,84.22580634139013
5008,85.96382077033559
5009,-55.40444868057966
5010,-24.219707638956606
5011,-176.26112288422883
5012,100.80285539719853
5013,97.82426134785055
5014,77.63977980532218
5015,-341.39464505040087
5016,94.82008871313883
5017,92.27586836437695
5018,80.48551668405707
5019,-474.6849444806576
5020,84.8888590040151
5021,80.47552303908742
5022,-233.76134302839637
5023,78.62221732499893
5024,-168.02290643157903
5025,103.58867344324244
5026,98.85067736543715
5027,-31.622035783017054
5028,106.9065786376068
5029,-37.22907502949238
5030,-28.71300402448105
5031,-43.622590489685535
5032,-20.287530340225203
5033,-14.728509040462086
5034,-32.6288419989869
5035,-29.94638644956285
5036,-20.539639202994294
5037,-19.36039311089553
5038,-23.33687340891629
5039,-41.124540435150266
5040,109.79730023350567
5041,87.31444655113546
5042,-26.859426671057008
5043,-31.154066148679703
5044,83.91511784284376
5045,-16.325155380065553
5046,95.93685015710071
5047,-16.598711689461197
5048,-23.23145066743018
5049,-14.132654720335267
5050,-37.430265206843615
5051,-30.662605683435686
5052,-18.328318490224774
5053,-41.979187455028296
5054,85.50287004653364
5055,-43.45881705917418
5056,101.1370011511026
5057,85.44278520825901
5058,94.6169022875547
5059,-44.143251210451126
5060,-29.362645030138083
5061,-33.14119782112539
5062,109.51832000352442
5063,-30.061500636162236
5064,-36.84917508997023
5065,96.083431340463
5066,99.90057285268995
5067,89.2626344107266
5068,114.62528082728386
5069,-30.107201599588734
5070,-34.72297330759466
5071,-36.09859787672758
5072,-30.936914528894704
5073,-34.94457563199103
5074,105.90934523755277
5075,-32.73281998792663
5076,-30.01348288464942
5077,101.86031768081011
5078,-29.097953731547022
5079,-33.854941378347576
5080,-31.953892731806263
5081,105.5360754939029
5082,-37.61805297341198
5083,-33.34355019684881
5084,-26.63672372320434
5085,-52.11369685456157
5086,91.47809285100084
5087,82.22161292278906
5088,-42.48815009370446
5089,93.25902194913942
5090,96.6859305047401
5091,-45.88717733696103
5092,-33.11832517711446
5093,-24.196407450246625
5094,83.83494251669617
5095,109.07340858052339
5096,104.31352485856041
5097,-37.635440244863275
5098,-22.857858561212197
5099,98.258819089795
5100,-35.40137059800327
5101,89.53253182049957
5102,98.1651705668628
5103,-11.362933725351468
5104,-15.145766346395249
5105,-36.7514096746454
5106,-21.742845549524645
5107,103.57095144502819
5108,-40.61046738596633
5109,-10.876611399136891
5110,-17.5897069722414
5111,3.250397920666728
5112,-30.86996500287205
5113,-35.99118279851973
5114,98.64915002259659
5115,-19.265139112481847
5116,-29.77366363013425
5117,-18.546578120440245
5118,-33.63941849954426
5119,-44.04655120521784
5120,-15.582637864165008
5121,-35.25124222924933
5122,-30.88973039656412
5123,-26.978554244691622
5124,-21.224347373939963
5125,105.72960887967201
5126,102.38396926951827
5127,-44.26746348012239
5128,-27.721536469485727
5129,105.78353224156308
5130,-21.335816748440266
5131,-33.188317782245576
5132,-33.75119028589688
5133,-42.39556768909097
5134,-32.363091373001225
5135,107.89624354522675
5136,-25.48935537073703
5137,82.26081783848349
5138,-29.686523730750196
5139,-71.81656020879745
5140,85.28437732328894
5141,-36.830419172067195
5142,89.79763798147906
5143,101.4720156793519
5144,99.23428738035727
5145,-43.90903642773628
5146,-29.689595199131873
5147,-36.926996369613335
5148,85.74088143272093
5149,86.29114398936508
5150,-44.10114052519202
5151,97.22480363224167
5152,-32.959278405993246
5153,-40.938457388430834
5154,87.58840162359411
5155,102.08077394051907
5156,-48.924014165997505
5157,94.60803641604434
5158,101.09283890313236
5159,109.06284093490103
5160,-38.401194244623184
5161,-29.524184948240872
5162,-25.08282649458124
5163,90.44142706251296
5164,-34.111128037795424
5165,-36.21241883584298
5166,-33.45924385660328
5167,103.96508025941148
5168,89.3094526566565
5169,95.07810824018088
5170,105.59614215107285
5171,96.88872049888596
5172,-38.34042748808861
5173,-31.756432578375097
5174,-11.285652684164234
5175,-36.655192360281944
5176,-12.835871460236376
5177,-48.455035192891955
5178,103.40028240710672
5179,-8.016143738634128
5180,-25.78532345440908
5181,91.44282115001988
5182,-31.61657467763871
5183,-44.38490857370198
5184,-34.41459221439436
5185,-18.44535567134153
5186,-33.544980484992266
5187,-31.55238305684179
5188,-39.183160338550806
5189,-29.712943418417126
5190,-31.527818742441013
5191,-46.596135021187365
5192,107.55714527645614
5193,100.13268834574046
5194,-46.20911763608456
5195,-21.40752794830769
5196,-29.51836548477877
5197,-45.908969573676586
5198,-33.48243222478777
5199,-34.992481471039355
5200,-19.835971850232454
5201,-17.658851642510854
5202,-67.31360219046474
5203,94.05657556004007
5204,97.74848004096566
5205,-49.60484887287021
5206,-32.91001939214766
5207,105.77609702560585
5208,-29.60149456898216
5209,-33.43851691111922
5210,-35.57023788942024
5211,95.65104740703828
5212,-31.835641174810007
5213,-40.05159022443695
5214,96.00801937476353
5215,-26.20638144284021
5216,-36.92585647664964
5217,-28.659502641763538
5218,86.0838532447815
5219,-34.6051925374195
5220,-34.11468436731957
5221,-37.54748685937375
5222,107.79056045413017
5223,-11.9075537798999
5224,107.16862149750546
5225,-45.49261623248458
5226,109.15526181925088
5227,-25.67477489358862
5228,107.98101651482284
5229,-19.04293846024666
5230,-26.963083804934286
5231,-47.60011055134237
5232,97.23843134374329
5233,-34.01382237300277
5234,-21.724536056397483
5235,92.14802341000177
5236,104.53124734500307
5237,-23.68366786338447
5238,-23.104415040754247
5239,-31.602623400918674
5240,-34.677236050367355
5241,88.3443381341931
5242,94.43125687440624
5243,-38.97717200964689
5244,102.197867013223
5245,108.47044390370138
5246,100.89850965322694
5247,-44.43559166789055
5248,-31.25797848624643
5249,-18.860922176972963
5250,80.21751762507483
5251,96.44206375500653
5252,95.17507909139385
5253,-43.12937767058611
5254,108.68753877375275
5255,-21.546785652142717
5256,91.34247078374028
5257,-31.639796428382397
5258,98.57495002198266
5259,101.21074724034406
5260,-61.629346650093794
5261,105.02535792413983
5262,-31.23942573479144
5263,-17.749020004470367
5264,-26.435339423303958
5265,-15.219916669208033
5266,89.48077083489625
5267,84.16358610465613
5268,-38.022309774765745
5269,-13.169184623344336
5270,101.16702166224422
5271,-29.050121139691328
5272,-33.6772613232024
5273,101.766265257349
5274,-28.144698637726833
5275,-31.929147214628756
5276,105.01518751250114
5277,-41.18076769635081
5278,-33.27990028401837
5279,-28.433239851583494
5280,89.47602743151947
5281,-34.28721459052758
5282,-25.505593267909717
5283,97.10959932666447
5284,-22.338243495090865
5285,-23.857070432262844
5286,-13.157123225799296
5287,-17.78925422608154
5288,90.18139059166424
5289,-20.416024706093594
5290,-32.70229992363602
5291,101.50187782501598
5292,97.46631872995022
5293,79.041217947728
5294,-31.862550228834152
5295,84.6132834754244
5296,79.3532921988517
5297,96.13344620430144
5298,84.64130387377736
5299,96.08415973346564
5300,-56.663990288972855
5301,-27.93932398193283
5302,-52.63343372102827
5303,-29.04272105456039
5304,-27.155650944274385
5305,91.13515190780163
5306,-30.242903521750122
5307,-32.723826641216874
5308,-50.109713891288266
5309,-26.42810899397591
5310,-34.39331732690334
5311,-44.79268638789654
5312,-33.53515223041177
5313,-34.87768957670778
5314,-28.27612307237723
5315,102.24367123053526
5316,-39.1615166477859
5317,-30.79425223689759
5318,-32.66789312486071
5319,-33.359984412789345
5320,-27.372395939019043
5321,108.33827046118677
5322,109.90059959888458
5323,-45.68436009436846
5324,-13.102493685903028
5325,-38.72520886361599
5326,105.69363473608973
5327,83.18658359133406
5328,-34.389975846745074
5329,-32.14772368269041
5330,-33.96701614750782
5331,-21.696178289945237
5332,-33.249138955026865
5333,-14.429833773523569
5334,95.87345336057479
5335,93.86718459869735
5336,-36.853564746677876
5337,-26.669831724226242
5338,-19.401820835919352
5339,-43.67947297543287
5340,94.74528313078918
5341,-33.07931541884318
5342,91.20415567661985
5343,-23.854430162056815
5344,-39.51107389293611
5345,85.77620447947993
5346,-31.199901565909386
5347,-25.978961592540145
5348,109.58964462950826
5349,88.6162067403784
5350,104.37313883585739
5351,-41.69216909259558
5352,92.77160996029852
5353,-20.566500840439403
5354,-13.233874003228266
5355,99.85881621221779
5356,107.40659138315823
5357,-30.340383606933756
5358,-32.459992163814604
5359,91.63195159184397
5360,-40.34074003994465
5361,-27.403619741278817
5362,-50.62903366237879
5363,86.46523416636046
5364,-31.731318168807775
5365,-29.233091699467877
5366,-22.839125107508153
5367,-34.69281240366399
5368,91.79112679488026
5369,88.07382030619192
5370,-21.455278114648536
5371,82.53854558084277
5372,100.39172011410119
5373,-43.521551167592406
5374,-32.77218718640506
5375,100.10251291282475
5376,-36.083752191392705
5377,107.50397440926463
5378,87.80338000238407
5379,-23.70076398528181
5380,91.30077665124554
5381,100.08701212704182
5382,108.74957755208015
5383,-42.40611492469907
5384,101.59305064685759
5385,-22.22594122970804
5386,-34.78105292841792
5387,-32.31553641206119
5388,-27.627325499255676
5389,-52.82797692716122
5390,-32.08657739701448
5391,-40.884373951441376
5392,-24.624262677916704
5393,83.86068261823675
5394,-11.623062923317775
5395,-19.295402638614178
5396,88.93661507136858
5397,-41.042824640870094
5398,81.74141367920674
5399,-38.872504243743606
5400,87.63578802700795
5401,-20.458477021893486
5402,-22.24312549746537
5403,109.36272591724992
5404,94.85458708524675
5405,-33.44839743897319
5406,-9.041648819865259
5407,-24.227565208711894
5408,-43.68984109163284
5409,95.48452508932678
5410,-31.729317874647677
5411,-43.2055281996727
5412,105.6599669521147
5413,-17.848538066871697
5414,-35.16764389723539
5415,-31.231117910530884
5416,-31.795143287279643
5417,-29.37903283070773
5418,-28.593465057139838
5419,-37.40131428465247
5420,-15.692106330272509
5421,-30.375673708098475
5422,-18.471640418225434
5423,-11.15484037672286
5424,-36.992648620158434
5425,-33.721955862711184
5426,96.3370482516475
5427,-39.28718244092306
5428,-26.927006309037097
5429,-25.669431721093133
5430,-17.57897800716455
5431,-31.583647753926925
5432,-44.28007732331753
5433,102.74107614671811
5434,-18.19185017043492
5435,-35.072702461562585
5436,85.29665325427777
5437,-30.60892236584914
5438,79.47026631591143
5439,105.4853704006673
5440,-21.47631106180779
5441,-36.72133278846741
5442,-25.45180260797497
5443,-19.251716538565233
5444,104.92854175826051
5445,91.12119867757428
5446,-33.58938297256827
5447,-33.64427870186046
5448,94.59175932097423
5449,-31.07074650010327
5450,-8.735489789629355
5451,80.29569767258363
5452,-41.013244332629256
5453,-25.298301726928912
5454,-25.535603717988124
5455,-9.976599919900764
5456,-32.2048931625759
5457,-29.940233912697295
5458,95.12096022625337
5459,-22.859310968080536
5460,-29.428071454167366
5461,-30.836781191523187
5462,-31.138220254215412
5463,90.98657884178101
5464,92.1772855243762
5465,105.54206047479465
5466,-44.50849421322346
5467,-23.18427594844252
5468,91.51058334859954
5469,-41.198476903140545
5470,-30.53857963756309
5471,-35.373707404360175
5472,82.87228434823919
5473,-33.02405490074307
5474,-45.26238935813308
5475,-32.907294129021466
5476,-34.35717618325725
5477,96.03069238446187
5478,-33.03971075778827
5479,-40.093536384403706
5480,82.57021092408104
5481,-32.65305956127122
5482,-41.65193746984005
5483,-31.991835441091098
5484,104.38662200095132
5485,106.43297177227214
5486,-42.594730749726295
5487,-35.53367644548416
5488,-35.01377972215414
5489,108.8836860768497
5490,89.77872848972038
5491,-30.250253105914453
5492,-33.21556141413748
5493,91.31306507639238
5494,-44.22255314141512
5495,-21.940906924195588
5496,111.06894664186984
5497,-44.09543799608946
5498,-34.51333492650883
5499,-32.973588636144996
5500,-41.48098884150386
5501,93.98268393008038
5502,-33.21896503958851
5503,-32.68509489297867
5504,-33.921692653297214
5505,-42.24296744167805
5506,-20.408050557482056
5507,93.31274576846204
5508,-42.61389419436455
5509,105.26866300986148
5510,100.48564270639235
5511,-40.691820114851
5512,-32.33700851490721
5513,-32.98344304366037
5514,105.10590805778338
5515,108.01319121306005
5516,-12.957124305190518
5517,-29.320045460015535
5518,-32.428650890884455
5519,-31.502753483888227
5520,95.4234519842721
5521,-33.38885958585888
5522,-30.728985316120088
5523,-33.29911346966401
5524,-16.64393969194498
5525,-33.034433510154486
5526,-10.60743505769642
5527,-22.135386444395408
5528,97.2285618991009
5529,94.88807389669819
5530,-33.945307498797774
5531,-27.241829514532583
5532,-33.32624263968319
5533,-42.28956986218691
5534,91.82974088957417
5535,87.34550797165139
5536,-22.91756784194149
5537,87.65161380544305
5538,-35.57774549536407
5539,90.81728275553905
5540,101.48126997872896
5541,-16.885769993161375
5542,103.77603286973044
5543,108.58851032052189
5544,-10.84851676155813
5545,-39.40690505132079
5546,-31.172524341847748
5547,-28.18818154433393
5548,-28.904009882186074
5549,93.85163087394903
5550,107.63990693166852
5551,-30.116086802445352
5552,93.77709014085849
5553,-34.53048262000084
5554,-13.56272939016344
5555,-18.95580582146067
5556,-37.36762439087033
5557,-31.550721823703498
5558,-33.03476330824196
5559,-35.230993025004864
5560,-15.615689793441561
5561,99.59547334798117
5562,-37.105408016592264
5563,-34.011108935810626
5564,-35.47635667398572
5565,-34.33399987407029
5566,88.4175263405923
5567,-41.82693535089493
5568,-30.328063238877803
5569,83.60382409745944
5570,-39.82839578925632
5571,108.47061784565449
5572,92.45661677255703
5573,98.4924968550913
5574,-40.5755470097065
5575,-32.44111740402877
5576,104.39098634931725
5577,-26.819928212091327
5578,-34.6418221835047
5579,-40.89704056456685
5580,-32.483775278320536
5581,-17.083714049789705
5582,29.71760224638274
5583,98.10101695101184
5584,-33.41604557004757
5585,-38.91643602401018
5586,-20.80783623328898
5587,104.88322867854731
5588,-40.46373239904642
5589,-27.758301409427077
5590,-42.90969963837415
5591,-31.39310654811561
5592,-23.930071022710763
5593,-35.569009974598885
5594,102.89242338840268
5595,93.77386907755863
5596,-38.68498722836375
5597,-29.02774939581286
5598,92.13709480120451
5599,-25.760350802738685
5600,84.7967822071223
5601,-38.79282032325864
5602,-33.40363173294463
5603,-30.456734176899772
5604,-42.82420442998409
5605,-33.64990388927981
5606,106.91271012742072
5607,-41.48426232486963
5608,-27.403207344788825
5609,99.73813648778014
5610,-43.06023929640651
5611,-32.583274810924195
5612,94.68423401095788
5613,-40.70463978406042
5614,-33.18924855034129
5615,-17.61522885703016
5616,-33.45265404833481
5617,-33.656253086868674
5618,-39.18078677356243
5619,-15.718345253146254
5620,-31.797529462957755
5621,101.1491037348751
5622,-32.43623120231496
5623,-38.69053621776402
5624,103.01589720094489
5625,106.49758209874562
5626,-32.82945183344418
5627,-46.974437832832336
5628,82.62384067340463
5629,-42.99240095820278
5630,-29.526151456753723
5631,112.29586565494537
5632,103.79626510245726
5633,-38.231250789016485
5634,111.37682830600534
5635,111.7150698453188
5636,-36.568672115914524
5637,-33.843572926241904
5638,-28.355154385208152
5639,-35.92970420292113
5640,-24.66690818695497
5641,83.69953740062192
5642,13.757431304286001
5643,108.1368553256616
5644,82.4075556116295
5645,-40.05265027284622
5646,-22.977451890332304
5647,-17.208966154954396
5648,-32.55475915502757
5649,92.16756572009217
5650,-37.532773496583104
5651,-27.017838856874732
5652,-31.4232662654249
5653,-40.24130834219977
5654,-33.48647627455648
5655,-25.257280480349436
5656,-27.212425279576564
5657,-26.7984503058251
5658,-41.380107309669256
5659,-21.278230356168933
5660,105.92471108019527
5661,-47.00060595199466
5662,95.10723674698966
5663,100.17707403865643
5664,-29.755088787525892
5665,-29.08969575271476
5666,106.82269590508076
5667,-30.351764604012715
5668,98.6242803562418
5669,-33.240845205727965
5670,-30.81434170831926
5671,81.52443376195151
5672,85.14433365970035
5673,-46.29969684407115
5674,-26.0918593465467
5675,108.92032457207824
5676,-38.34033099189401
5677,99.56071888363658
5678,109.78753161802888
5679,-32.335894640535116
5680,84.36588444776135
5681,104.49322736260365
5682,-31.796830471605062
5683,-23.065962152555585
5684,90.10316421388416
5685,104.8238839716796
5686,-36.72183344140649
5687,-33.601652605459094
5688,99.00296145689208
5689,-27.077549628098495
5690,107.50077780126594
5691,-23.68932219420094
5692,-34.036477975547314
5693,-9.094944436685182
5694,107.65918828547001
5695,-41.23927038162947
5696,82.65713769273134
5697,87.14382909319829
5698,-38.54181603342295
5699,103.94048330972146
5700,-33.647193962708116
5701,-34.315717834513634
5702,100.7143648801648
5703,-24.2377948401263
5704,-42.372845485806465
5705,102.57138074864633
5706,-28.90761969005689
5707,-41.12021318078041
5708,85.12958204431925
5709,-16.237347086600494
5710,107.07863905464183
5711,101.18618098058505
5712,95.46600270694762
5713,-2.6011715041240677
5714,90.7790891933837
5715,-12.987298549967818
5716,-47.82853812724352
5717,105.54258343795664
5718,-31.86391086340882
5719,-47.06031607091427
5720,-25.3576454432623
5721,105.46760596611784
5722,94.3185139298439
5723,-28.63075101960567
5724,103.62145320739364
5725,-32.87678954540752
5726,-47.47845788160339
5727,-31.15096907876432
5728,-41.90686157718301
5729,88.84783453756245
5730,-31.70589970536048
5731,-26.08224408328533
5732,-22.407420245697722
5733,-35.730667404830456
5734,91.57101245014928
5735,-19.23028396331938
5736,-30.456827048488776
5737,-34.249436552636325
5738,-32.40535704884678
5739,-26.40437006764114
5740,-24.23210223786009
5741,95.55401329032611
5742,-47.30087995529175
5743,98.29515357375203
5744,105.25696323039347
5745,-52.957771273329854
5746,94.67272664932534
5747,-33.76210947660729
5748,-31.09231574460864
5749,-26.796091706986772
5750,96.98446218992467
5751,-28.94538726657629
5752,96.35817075457453
5753,-22.31089828562108
5754,-22.71454512886703
5755,98.02595125639345
5756,-33.297145603224635
5757,-25.985714266484138
5758,81.82399862888269
5759,-42.70195734128356
5760,-19.586081542627653
5761,-33.44063520152122
5762,-26.438442015321925
5763,-33.41523936155136
5764,-27.76971653199871
5765,104.47641504039348
5766,-32.80288069974631
5767,92.38563058938598
5768,-5.011897384287295
5769,-27.119405910299974
5770,105.54684925119363
5771,-47.506099849939346
5772,105.63739228644408
5773,108.40993189252913
5774,107.49954744428396
5775,84.3727349974215
5776,89.13877221074654
5777,-32.454421444330364
5778,-36.73617755621672
5779,-18.193594538606703
5780,106.6725823615543
5781,-30.91420806082897
5782,-33.35565126966685
5783,-34.16170378215611
5784,-41.8183106854558
5785,91.39254054092453
5786,-33.642446560552344
5787,-32.70494094840251
5788,-33.546055702259764
5789,-57.75628612563014
5790,-32.54932131571695
5791,97.57400057994528
5792,-40.70840963721275
5793,-30.460055401548743
5794,103.40385443050764
5795,106.61790770377411
5796,-39.184589974582195
5797,109.93397381529212
5798,88.4282018657832
5799,-32.380464627669426
5800,36.41991890644567
5801,105.41544906207127
5802,-36.52853140980005
5803,-27.543966970581096
5804,-32.1424411740154
5805,-31.39989577565575
5806,-32.91448356863111
5807,-40.2173008795362
5808,101.82261681067757
5809,-26.53064419189468
5810,-43.0788738578558
5811,108.68866683667147
5812,-32.790438992436975
5813,-48.3846505349502
5814,-34.43842005357146
5815,97.96374269278022
5816,-39.401502223685384
5817,-35.08119160588831
5818,-30.21581715438515
5819,109.94983759056777
5820,-31.331850640250195
5821,-29.331592683447525
5822,-20.391575513232965
5823,101.26205315731931
5824,101.62832727096975
5825,-40.11747818440199
5826,100.10191536042839
5827,87.21372532697569
5828,-43.54370717331767
5829,-32.70793450344354
5830,90.78144157116185
5831,-50.861258978024125
5832,-35.05329001415521
5833,-39.79922425374389
5834,-23.428954013390467
5835,-17.546712586656213
5836,-31.40600339922821
5837,-23.610122367041185
5838,-31.839420542004518
5839,-23.516563160170335
5840,-13.58917138754623
5841,-17.791533222072758
5842,105.84683989446785
5843,101.99315294084226
5844,103.65033372558537
5845,-40.05441568978131
5846,-28.38497994374484
5847,105.22357343018666
5848,-40.8152796626091
5849,83.17509095992136
5850,94.86596256759367
5851,-36.16758872568607
5852,-19.9564842300897
5853,94.32991684146691
5854,-47.884076811373234
5855,92.03208601198276
5856,101.56852035609882
5857,84.29927212931216
5858,-32.265854571480304
5859,88.31958044224302
5860,-37.983970500994474
5861,104.41799108788564
5862,-11.24449654964701
5863,103.5278260167106
5864,-44.65913087874651
5865,85.09819559393509
5866,-30.367557684425265
5867,-32.81684589618817
5868,99.9023383027743
5869,-39.238891538232565
5870,-9.358985617611324
5871,109.75844136418891
5872,89.94585392459703
5873,-45.378311306238174
5874,-31.939609557273798
5875,-26.957473106012912
5876,-17.05977764085401
5877,106.46850571349205
5878,102.52157900264137
5879,-49.00903167575598
5880,-9.562021320511121
5881,98.33522258687299
5882,-47.05549582093954
5883,-34.408914578845724
5884,-37.96598191559315
5885,-32.96888013370335
5886,103.45596221103915
5887,-38.78689322248101
5888,98.20370653865393
5889,-27.003386764736206
5890,-53.30145317688584
5891,92.0212572356686
5892,-35.255187737289816
5893,-40.04491759091616
5894,-32.67124666448217
5895,-32.20864270586753
5896,89.8010008650308
5897,-34.15820928476751
5898,-44.17479383572936
5899,-12.687399091781117
5900,-33.59960124734789
5901,11.875503936724272
5902,105.61954805338792
5903,-16.26127864184673
5904,-45.66451968625188
5905,-33.48339329776354
5906,-20.415182461671066
5907,-21.407186107244343
5908,-30.038511971273692
5909,-41.01515826955438
5910,93.27165196789429
5911,99.68474205020038
5912,108.59200861304998
5913,-45.070939876139164
5914,-28.965506391432427
5915,-39.99693982116878
5916,83.20142486019176
5917,-32.45605759136379
5918,-39.72401976212859
5919,-29.766410426818766
5920,-40.60900143533945
5921,-32.50525683281012
5922,89.73845517409791
5923,-30.181670458521694
5924,85.0381431573478
5925,-24.161253161144487
5926,-38.30458142980933
5927,-16.106749352882616
5928,-35.420563577557914
5929,-27.85407653817674
5930,85.52967475898913
5931,-35.04338304139674
5932,-19.232731487049023
5933,103.55661645284272
5934,-35.588612247724086
5935,-19.473558646779566
5936,-31.382398615940474
5937,-32.964655856834725
5938,-22.67172474527615
5939,-50.80104325339198
5940,-24.925347478158073
5941,93.78320762436488
5942,-35.91624056448927
5943,108.16225602384657
5944,-31.705766551196575
5945,-31.871648089960217
5946,92.1094917471637
5947,83.84657079505268
5948,-96.9746144078672
5949,-36.32190152909607
5950,-38.64396904967725
5951,-33.11352771706879
5952,-26.105264929370605
5953,-42.28203774429858
5954,102.75619345821906
5955,-31.442255527013913
5956,-48.34326151013374
5957,-31.129764830693603
5958,-37.44077157834545
5959,-13.576676851866068
5960,108.6010757139884
5961,96.3710983069086
5962,104.81147562712431
5963,-34.15154947253177
5964,-25.63937547247042
5965,-38.94188787587336
5966,-33.45944809587672
5967,89.94072216394125
5968,-42.86737338453531
5969,-27.78672559579718
5970,-35.05170633259695
5971,-34.06623577955179
5972,-30.826553118487936
5973,-48.221314404159784
5974,90.62803340825485
5975,-32.943747942335904
5976,94.29681199789047
5977,93.80621343746316
5978,-30.48218981435275
5979,-28.284692035638727
5980,-26.610067202243954
5981,13.95849252550397
5982,-41.94267172366381
5983,-35.2705338075757
5984,-32.33568625859334
5985,107.13837868668634
5986,-33.76429124549031
5987,-21.59441119119583
5988,-35.4705800935626
5989,102.95560548233334
5990,-37.52312859147787
5991,104.61456221626577
5992,-19.707396637229976
5993,-21.665983059732298
5994,90.88263211317826
5995,-33.09376419743057
5996,93.17749796807766
5997,-32.15953710116446
5998,-33.813660390500445
5999,-28.329540460836142
6000,-33.55946702323854
6001,83.5456071075896
6002,-33.846897803246975
6003,-11.543326387763955
6004,-37.057922791689634
6005,-30.9611484548077
6006,-34.728898005909286
6007,-33.48713716305792
6008,91.5841920485982
6009,-33.87596250884235
6010,97.76881156337913
6011,-33.81603811401874
6012,93.13531582194264
6013,-42.28995265439153
6014,-30.835368135478348
6015,-36.20118280686438
6016,106.97233003308065
6017,99.26435735443374
6018,-14.065295959939249
6019,-31.05687290779315
6020,-34.49932091496885
6021,-38.002898558974266
6022,-33.875276531558484
6023,-14.844213681994006
6024,-41.07090628519654
6025,104.4046068354146
6026,-32.23080891312566
6027,-35.04277461767197
6028,89.48203449564244
6029,-33.23784658499062
6030,-53.79083099961281
6031,-27.828562620139564
6032,-24.56496986350976
6033,-31.242354350630194
6034,-32.34692162461579
6035,-29.540574830025434
6036,-18.422488098149188
6037,92.78369487162854
6038,-42.126707427203655
6039,-24.162745686189737
6040,-11.700986342053511
6041,-34.11281396576669
6042,-32.302970108459704
6043,-36.66013664752245
6044,-32.530076928436756
6045,-30.828621597174788
6046,-35.32075790408999
6047,-28.450704303533712
6048,-38.24727300554514
6049,92.5911500424263
6050,-35.6002004891634
6051,88.99218686760287
6052,106.22438518278068
6053,107.85277627967298
6054,-36.59243722446263
6055,-14.30837878852617
6056,-25.875253259349847
6057,-42.2826538834197
6058,-30.578189226682298
6059,74.90247340686619
6060,-18.132461493543815
6061,-33.23599991155788
6062,108.27815674059093
6063,-45.9270081743598
6064,98.87184710555448
6065,-30.203056765254587
6066,-28.60545158093737
6067,85.47014290117659
6068,-15.357577118236804
6069,-21.02609068871243
6070,98.57845706143416
6071,-27.88412832468748
6072,-32.99643055442721
6073,-35.05726339051034
6074,108.90894399313038
6075,-30.572788649005815
6076,104.82322131463297
6077,-36.478411527117714
6078,-30.96661124320235
6079,-35.34710732102394
6080,-25.629089444759302
6081,100.45280463883682
6082,-38.55969151388854
6083,107.38298378756735
6084,-33.39471141807735
6085,12.354697609494906
6086,92.17933290149085
6087,99.26779440953396
6088,87.89856506325305
6089,-40.221686251461506
6090,-30.285415017831838
6091,-36.25858367420733
6092,102.74132286166423
6093,99.89742847948219
6094,-31.44486502429936
6095,-36.28673640731722
6096,-27.5920149651065
6097,-35.05809567682445
6098,-24.407311982824467
6099,-33.30493080988526
6100,-52.76405683904886
6101,99.45385426131543
6102,107.29299777932465
6103,-31.51658149814466
6104,83.82909459606162
6105,99.02161061911829
6106,-40.87982435617596
6107,92.60278121224837
6108,-33.99420101987198
6109,-35.262663250789046
6110,-32.84277391806245
6111,-25.93915320094675
6112,-36.90535179525614
6113,-27.468717246723827
6114,-29.898587005300215
6115,-32.57432014495134
6116,84.02194233880437
6117,-41.492286417633295
6118,83.59593074490112
6119,95.83057647722308
6120,-40.894933737814426
6121,105.35254458687996
6122,-31.33487213490298
6123,-36.59128415834857
6124,86.0359889207175
6125,90.65367537158454
6126,-38.127319635706954
6127,108.40330775818438
6128,-24.471975422886317
6129,86.73088487237692
6130,-31.2950286581181
6131,-23.421119546954287
6132,-47.05733733251691
6133,-23.919623061912716
6134,107.6807305496186
6135,-19.712325659231283
6136,82.64860656030942
6137,96.15934796084184
6138,-42.01081691496074
6139,-19.81247287458973
6140,93.90653900092002
6141,-48.366562373936176
6142,83.74854245118331
6143,96.63696227304172
6144,-36.77729308605194
6145,83.62896346469643
6146,-37.34151430334896
6147,96.40704917740368
6148,-32.174995024339296
6149,-37.24780082795769
6150,-32.89961892925203
6151,90.09149557270575
6152,-28.521642162115313
6153,83.56275261182964
6154,-29.28225232438126
6155,-52.368853095918894
6156,-28.47537674929481
6157,95.8178617215599
6158,-42.887577690184116
6159,-32.400638269260526
6160,-34.735112488269806
6161,-33.57285522762686
6162,-19.08412145409966
6163,-41.64634956046939
6164,-34.256168097257614
6165,-25.534585660905577
6166,89.39468033745652
6167,82.52230618327303
6168,107.93626539889374
6169,-48.480002467986196
6170,-34.41099777506315
6171,105.19748646242078
6172,-31.497231621295214
6173,84.44491281110095
6174,-43.80124495178461
6175,88.69277462354512
6176,-33.61116009391844
6177,-37.85192871466279
6178,93.04326256358763
6179,84.00718104594853
6180,-51.53371946577681
6181,88.49279297282919
6182,-33.88266504649073
6183,-32.45061735366471
6184,103.55451356430422
6185,85.9729068622255
6186,-40.492814123630524
6187,92.0228257853305
6188,-34.90171237848699
6189,-23.3040941824147
6190,103.20844991510967
6191,87.24095472774934
6192,-45.89107757806778
6193,89.00673493050999
6194,-28.25111471409764
6195,96.81384430785147
6196,98.67467948741978
6197,-12.085678113711765
6198,102.27653030243891
6199,84.71930809115293
6200,103.9512803030666
6201,-44.8590966835618
6202,84.90381402285493
6203,-34.13257465977222
6204,-31.748511780169792
6205,-27.528816820820794
6206,-46.03347044251859
6207,-33.771054522134364
6208,110.45934977382421
6209,-36.71215208247304
6210,93.02610144886421
6211,-17.127198579866672
6212,-36.23939548898488
6213,102.89613980751892
6214,-30.390389850312204
6215,-42.880321353673935
6216,-0.07184549521480221
6217,-29.543857855256647
6218,90.82508005594718
6219,103.66805314363592
6220,-33.91893843957223
6221,-45.57312846183777
6222,-29.469741378794424
6223,107.75732111185789
6224,-35.15884554179502
6225,-30.301900831982493
6226,108.62498578988016
6227,-39.000464368611574
6228,-32.900094322278164
6229,104.74437209254938
6230,79.81800630129874
6231,86.67218363366555
6232,104.1788692762384
6233,-33.12775303050876
6234,-47.925908965058625
6235,101.97387441457249
6236,-32.779658508021384
6237,-38.4905254393816
6238,83.96950959967216
6239,106.78494204526214
6240,-38.807332783937454
6241,-28.92764192330651
6242,-35.7333912672475
6243,-12.90941861923784
6244,109.88345294818282
6245,-33.83919121418148
6246,-57.53775805979967
6247,-18.86875537544256
6248,101.8994760148953
6249,-66.92727733403444
6250,5.734037948743207
6251,-9.812851702605258
6252,98.26711208454799
6253,81.63621877873084
6254,-38.44574372470379
6255,-32.12719770730473
6256,87.7552614856977
6257,-46.041573110967875
6258,81.17163127445747
6259,-32.617666692582134
6260,-32.82051359594334
6261,-32.46371975605143
6262,-74.39728567749262
6263,95.46578279948153
6264,-32.002185620949604
6265,-14.27397275599651
6266,82.50904086636729
6267,98.28064892522525
6268,-35.60469011962414
6269,-32.246086298138835
6270,-19.716711960034445
6271,-24.932677727541886
6272,101.85664066695608
6273,107.52188916312298
6274,-43.3817780315876
6275,91.84992420463823
6276,-27.22013589902781
6277,-45.45073854550719
6278,-32.03411851753481
6279,-36.52495723776519
6280,-34.137394500896335
6281,-30.494057458905445
6282,-20.325262709127855
6283,-10.421387571899686
6284,107.99471010267735
6285,-29.591389217821416
6286,-33.735239221918164
6287,-34.91540275607258
6288,94.73268355640175
6289,98.50039864410064
6290,106.51865623478079
6291,-40.03618084313348
6292,96.07884150592145
6293,97.27985528533463
6294,-40.72645000985358
6295,-21.519537349173333
6296,-37.44520052149892
6297,93.49570509113255
6298,108.83143484406173
6299,-12.251793573901523
6300,-39.945791471749544
6301,-21.7128693521081
6302,-36.11451094271615
6303,-20.393936545879114
6304,108.21835502015892
6305,107.030253960751
6306,-18.080083498673048
6307,-18.51553856447572
6308,-34.1525520007126
6309,-37.71821749582887
6310,-29.151773391175084
6311,-38.604322999715805
6312,81.95949136582203
6313,95.21569177013589
6314,-42.92884035781026
6315,-34.59682524949312
6316,-32.243972873780876
6317,-38.39355047047138
6318,88.7658142473083
6319,-30.521633761643898
6320,86.6640330926457
6321,-33.89674309361726
6322,-42.986552860587835
6323,87.31121370704204
6324,-29.976441098493524
6325,-25.592653293162584
6326,-34.1866423394531
6327,-38.60088705830276
6328,-33.347015200182796
6329,88.59008997149067
6330,-46.37147427722812
6331,-32.0578423817642
6332,-35.57093520835042
6333,105.29092513985233
6334,-33.96460838057101
6335,-29.378481665975414
6336,97.10225927637657
6337,-34.03583569638431
6338,-39.89362518489361
6339,81.04447114768482
6340,-21.837860683270264
6341,-42.13693271949887
6342,-32.97837163787335
6343,-38.91076613822952
6344,-31.323539180200896
6345,-13.205876800289843
6346,-38.77177498862147
6347,-34.584995477925986
6348,-36.09818501025438
6349,-19.707683063752484
6350,-17.58324310637545
6351,-39.41676553944126
6352,-33.30718247592449
6353,-29.890233266742143
6354,-37.83725691586733
6355,90.32069391087862
6356,95.31515900179511
6357,-42.1453226134181
6358,27.934962073835777
6359,-34.957710053771734
6360,-21.338591563719092
6361,90.83271409725421
6362,-39.68473856896162
6363,-28.45512835192494
6364,-27.69013769942103
6365,-30.485754558612825
6366,-33.67360763903707
6367,-47.293266251683235
6368,-29.49902319735702
6369,-35.999867333099246
6370,-29.147706308052875
6371,-33.63803998567164
6372,-22.284932037524413
6373,102.65942262997851
6374,-34.16657287348062
6375,-38.49040260910988
6376,-11.616656323662028
6377,-12.685330721840728
6378,104.0851722661755
6379,104.22924031649018
6380,-30.609051278908737
6381,-43.5258779656142
6382,-26.419615797349252
6383,-33.308282643556595
6384,-33.65589947998524
6385,103.41723393643042
6386,-25.12880867482454
6387,-26.890093588270247
6388,-20.949063234962523
6389,-19.83586002415359
6390,105.61226926289964
6391,-16.721405655176568
6392,-38.83507000654936
6393,83.16914896052913
6394,-21.165048448863672
6395,-36.9239377353224
6396,105.41221252584364
6397,83.79431604762794
6398,-33.23879911494441
6399,108.49284591712058
6400,97.72704029420856
6401,99.15720476725255
6402,-44.48530396819115
6403,-15.003468898532446
6404,-36.28836415382102
6405,106.86446772303316
6406,103.8865528278111
6407,-33.567062348360196
6408,-28.429121930068504
6409,-32.72574243857525
6410,-36.22261625144165
6411,102.17895031649823
6412,-19.91396118947887
6413,-11.212322290055454
6414,91.80993703514105
6415,101.63436600870045
6416,-43.01759594678879
6417,107.83248124866805
6418,95.8093614031095
6419,-39.141923336312175
6420,-30.651066458784044
6421,-22.48877653706586
6422,-0.9984340341761708
6423,105.59574115337455
6424,108.97358416393399
6425,-29.31766679813154
6426,-46.28992840182036
6427,97.90110424192972
6428,-13.097240998991765
6429,-27.368577187138726
6430,86.64966233854648
6431,101.61468306806637
6432,-44.86965622100979
6433,-31.40884554781951
6434,-37.164045210927725
6435,99.31557348817296
6436,-32.447518308181316
6437,-37.87886557664024
6438,-32.937011839821935
6439,-30.931960239540786
6440,-45.4057427495718
6441,-32.643686822615564
6442,-39.725448071956635
6443,-18.748602044528525
6444,96.56065828265855
6445,-38.70819132402539
6446,100.9152591759921
6447,86.4426171146115
6448,-36.35448791831732
6449,104.58755677976296
6450,-24.406373781966977
6451,-16.8724294048734
6452,90.57247478640056
6453,101.00318375404458
6454,-40.24591417610645
6455,-27.305020724539645
6456,-29.661828619755397
6457,-44.55375012557488
6458,90.14512622611483
6459,95.09869282940053
6460,-53.702716783154756
6461,95.66641031260951
6462,100.91462481732015
6463,-16.910682926885784
6464,-29.742800533538684
6465,-30.610149496933445
6466,-26.375205054704566
6467,-21.61119662359124
6468,-41.94770152494311
6469,83.135318609362
6470,-25.546102267864626
6471,88.84718129530665
6472,-24.06419971550349
6473,-40.14880239171907
6474,87.40057647880167
6475,-31.97262876969762
6476,-51.201018484542146
6477,103.61380968717276
6478,-23.45383419143036
6479,-39.66640327125788
6480,-22.981978205483756
6481,-7.239058178442065
6482,-34.33717287611216
6483,-31.600995599175803
6484,-18.638452605169732
6485,108.36614178700256
6486,-23.167064857087098
6487,-42.619544211775064
6488,85.7331782951369
6489,92.42498823127244
6490,-41.6081021502614
6491,-26.277998112229398
6492,-31.455241678399034
6493,-32.388009490445256
6494,87.20376269787084
6495,-37.27824545837939
6496,94.21586883283453
6497,-33.58789674472064
6498,-18.195970203028992
6499,91.53715480073151
6500,83.32346338278148
6501,-48.91831057704985
6502,82.65391048381571
6503,85.33405159157701
6504,-45.91516400873661
6505,106.06825359615323
6506,-28.71731558747706
6507,-38.95393182337284
6508,-22.838936768093845
6509,-35.27849651500583
6510,81.00005950986815
6511,-31.69726256048307
6512,-42.54200606793165
6513,-32.48465785291046
6514,-18.495663855515886
6515,109.77984370198101
6516,-29.20414131868165
6517,97.83171933254926
6518,89.31164167076349
6519,103.37425926512879
6520,-30.696784939384088
6521,97.49234830934074
6522,-39.80045389384031
6523,-34.93754625553265
6524,-24.44159260885499
6525,-18.033671715471428
6526,-22.02151824347675
6527,-42.297090366482735
6528,-17.061145439314714
6529,89.38204789379597
6530,-36.09453522210242
6531,-31.301392958906945
6532,-36.63097835656299
6533,84.14171626814641
6534,-24.55466741071723
6535,85.64967033267021
6536,-29.110283345391508
6537,-19.157214199192822
6538,-41.924696939997375
6539,108.42237028107047
6540,106.2744356803887
6541,86.4121243628324
6542,43.73970988765359
6543,99.58665994959301
6544,-34.040538924746215
6545,-42.975507229566574
6546,87.37080546928337
6547,-35.87982198887039
6548,102.40096577109944
6549,98.24715312132321
6550,83.81438896823965
6551,-38.005838826298714
6552,88.70512708154274
6553,102.68298511371904
6554,-38.295616306364536
6555,-31.56671567913145
6556,-30.59506336809136
6557,108.54718500563831
6558,91.54648435361742
6559,83.78567807009676
6560,-41.73699916899204
6561,-29.042380809783936
6562,-27.308669736870797
6563,-31.868292569066398
6564,95.73031096393242
6565,106.565104604917
6566,-10.015155601373408
6567,-29.790451955741446
6568,-40.843516098335385
6569,99.15341751751839
6570,93.91818726653582
6571,100.43254895720747
6572,-41.230106400325894
6573,86.01794180920115
6574,-27.71990259771701
6575,-31.31353567192855
6576,-10.005730514763854
6577,-14.776022634389392
6578,93.6877494698565
6579,99.11535902356263
6580,107.07223777490617
6581,-40.86183192161843
6582,104.52503635387984
6583,107.73469309622305
6584,109.17478830739856
6585,-34.81740931933746
6586,-27.743916244843604
6587,104.73468196674366
6588,-40.513357639312744
6589,106.96570202823204
6590,-29.474816230329452
6591,-20.157884491607547
6592,-29.08247731755546
6593,-34.63886646670289
6594,82.68503689300269
6595,106.19260059425142
6596,-28.238816220413355
6597,-44.66710788011551
6598,93.88178259591655
6599,-30.48508314078208
6600,-29.717218494981353
6601,99.90991084897541
6602,-38.97613225225359
6603,86.11403871903894
6604,103.82579725093092
6605,108.78049333393574
6606,-46.38349498063326
6607,-33.95436804268684
6608,-32.37453889995231
6609,-26.879161670047324
6610,98.07056360111164
6611,-37.253161285072565
6612,97.11934655733057
6613,-20.27337514515966
6614,-19.14751123136375
6615,100.67699555581203
6616,-23.91643396309155
6617,-33.27234944875818
6618,109.43543732911348
6619,100.74377269775141
6620,-31.236353185755434
6621,-41.33506932109594
6622,95.44301349081798
6623,87.11324537399923
6624,-38.10402068786789
6625,108.05594951286912
6626,96.90616730973125
6627,-20.33168393545202
6628,104.45351790028508
6629,-15.192945052927826
6630,-34.987645397894084
6631,-18.342204265703913
6632,-27.42828235134948
6633,-36.087473317980766
6634,85.52679280121993
6635,-21.41032443824224
6636,101.73800894248416
6637,96.86704996195476
6638,97.07327413321764
6639,-37.82416708674282
6640,-30.9615956809439
6641,81.59582415103796
6642,-38.727975319721736
6643,95.1739552805011
6644,95.39971916023205
6645,-46.50586553290486
6646,92.16963914153166
6647,-34.029320722678676
6648,-39.56528452783823
6649,-23.622224811464548
6650,-51.14994500391185
6651,105.2731345513439
6652,92.23716219369089
6653,-27.06482757194317
6654,91.56377094621257
6655,84.92922863754211
6656,-17.411320757895737
6657,90.56735228297475
6658,101.97517372999573
6659,-36.158992286305875
6660,85.63180766988808
6661,-32.87334682326764
6662,-37.23471646383405
6663,-34.028325708117336
6664,-31.811730439891107
6665,-38.261018358170986
6666,-29.72657656147203
6667,-47.2188631054014
6668,82.71357858076226
6669,-28.216262078669388
6670,-10.866986366570927
6671,103.08774588088272
6672,90.34730651135033
6673,-43.98696879297495
6674,-30.12197245960124
6675,109.09365454151703
6676,-37.755141975707375
6677,-15.852771977341035
6678,-33.19648212660104
6679,-13.927925807402062
6680,-28.813534559940308
6681,-17.44427461255691
6682,101.99181822628088
6683,108.8560131629929
6684,97.6251594547648
6685,-39.4774526655674
6686,82.15103849515435
6687,-21.181767787642457
6688,102.10338758635044
6689,-13.618396589241456
6690,93.62010489337263
6691,86.49916754401056
6692,82.45016614662018
6693,-11.487443245430768
6694,83.04488043178571
6695,93.6396977751574
6696,-34.21594195836224
6697,-27.821417187835323
6698,-22.928363120765425
6699,-35.28083834820427
6700,-29.725425286073005
6701,101.15170027827389
6702,-41.45220619440079
6703,-34.016255035530776
6704,-40.13185576163232
6705,107.1850598724559
6706,-26.3404618477216
6707,-35.7136863656342
6708,91.47807249909965
6709,106.61827767260547
6710,-26.082708306159475
6711,-43.623638182878494
6712,-27.25761287251953
6713,107.71431956795277
6714,-32.3273149356246
6715,-32.74870696105063
6716,105.98500684284954
6717,-42.72609267011285
6718,-28.97418050642591
6719,-47.12511059222743
6720,82.98870556545444
6721,81.00506804831093
6722,-41.0438055312261
6723,-22.243149556859862
6724,90.17331274360185
6725,-46.809885650873184
6726,86.72746832319535
6727,99.54581865260843
6728,-36.43075609207153
6729,-24.079616187766078
6730,-34.01528444187716
6731,80.57738173007965
6732,102.62402341916459
6733,-31.867795747704804
6734,93.70649454317754
6735,89.41595207147475
6736,108.89820967739797
6737,-30.755625599689665
6738,-33.27107515372336
6739,-30.42151807200571
6740,88.04957140242914
6741,-33.87108437367715
6742,-31.811241190880537
6743,94.49811840429902
6744,81.78619460074697
6745,-33.729699962976156
6746,83.01738675992237
6747,108.58779784463695
6748,-31.591616243269527
6749,-27.483308891300112
6750,-35.18316849321127
6751,-42.391647540032864
6752,-13.210122200427577
6753,-35.30599192529917
6754,-19.77283708791947
6755,-32.21037586487364
6756,-42.20694512873888
6757,100.57276078323775
6758,96.44546446712047
6759,-41.48851042240858
6760,-16.54148631170392
6761,-35.806637678295374
6762,-30.43605360656511
6763,103.8515419987234
6764,76.2198106944561
6765,-34.411075089126825
6766,-35.31401611119509
6767,-40.24098335846793
6768,-35.21484904922545
6769,-29.0066987342434
6770,-38.50629610568285
6771,-7.0796979605802335
6772,-25.23631562347873
6773,-19.16752131744215
6774,96.85169484932703
6775,-42.006560150533915
6776,-24.326436073926743
6777,-30.337702801451087
6778,-18.817298141584615
6779,90.91674070316367
6780,-34.502572882920504
6781,-34.419811522820964
6782,-32.88049632683396
6783,-40.578354112803936
6784,-23.056266472209245
6785,-33.28795024929968
6786,-34.670184284448624
6787,108.25188908976088
6788,-21.705500036798185
6789,109.55931980693276
6790,-32.279747585067526
6791,-43.60882306843996
6792,-17.416024167105206
6793,-29.172998127760366
6794,-46.00863862782717
6795,-35.108979537617415
6796,106.33323840948287
6797,-46.34948427975178
6798,102.52241949092422
6799,95.58605837600771
6800,-40.30116402171552
6801,-31.870455013791798
6802,108.77047252177726
6803,-36.99162416160107
6804,-34.05504934635246
6805,-37.158361971378326
6806,-35.083676882088184
6807,94.84731058764737
6808,-38.25520323589444
6809,-24.382820394734154
6810,-12.246053748414852
6811,-41.97176997363567
6812,-33.14615424555086
6813,-41.70033894851804
6814,-34.66046785679646
6815,-34.648466841783375
6816,108.83983910083771
6817,104.7170312203234
6818,-22.342143179121194
6819,-26.271209772181464
6820,-22.393975652870722
6821,-21.55509860199527
6822,-46.16405989229679
6823,-21.456784998998046
6824,-25.151306276653486
6825,85.89980871754233
6826,-31.842926068231463
6827,-39.37333639021381
6828,100.60394034982892
6829,-28.773485805722885
6830,-47.243323907256126
6831,-33.10207639168948
6832,-36.960919665172696
6833,83.50856820774789
6834,-29.596672989500803
6835,-36.83415815447006
6836,-19.47784920655249
6837,-28.65098759776447
6838,93.43492135373526
6839,93.04978036537068
6840,100.67646104231244
6841,-36.04052303545177
6842,90.6909561586217
6843,103.15528864273801
6844,-34.52379442565143
6845,102.8691754257161
6846,-28.05089012760436
6847,-42.62117027491331
6848,108.99312758911401
6849,-31.11185983894393
6850,-39.996754594147205
6851,-20.474227112426888
6852,-27.916759927553358
6853,83.51676333777414
6854,-28.33807885204442
6855,-37.80651366338134
6856,109.04277965798974
6857,100.70916421162838
6858,99.12243999191742
6859,-39.371199414134026
6860,96.48413610638818
6861,-29.83603006612975
6862,108.7898079752922
6863,90.08031069111894
6864,-18.403773576923413
6865,-48.536488617770374
6866,92.79628303772643
6867,-33.59816954517737
6868,-38.62150443306018
6869,-33.46121720658266
6870,-29.587210627272725
6871,-25.618699838145403
6872,-32.99168403446674
6873,-37.24930776306428
6874,-29.340953359699597
6875,-30.551925447769463
6876,-18.646320360028767
6877,-30.16269061563071
6878,-45.521861381828785
6879,85.41103700024541
6880,94.81015598028898
6881,-71.3692542873323
6882,-31.08158916141838
6883,-30.152018814405892
6884,82.56689350710076
6885,107.65066113788635
6886,94.65893135868828
